_ - id,_ - type,_ - orderedItems - _ - id,AAT-IDs,Artist_ID,Datierung,Titel,_ - orderedItems - _ - type
https://data.rijksmuseum.nl/search/collection?type=painting&material=oil%20paint,OrderedCollectionPage,https://id.rijksmuseum.nl/20023308,http://vocab.getty.edu/aat/300388277 | http://vocab.getty.edu/aat/300388256 | http://vocab.getty.edu/aat/300435416 | http://vocab.getty.edu/aat/300456575 | http://vocab.getty.edu/aat/300404450 | http://vocab.getty.edu/aat/300435417 | http://vocab.getty.edu/aat/300379475 | http://vocab.getty.edu/aat/300312355 | http://vocab.getty.edu/aat/300417200 | http://vocab.getty.edu/aat/300404670 | http://vocab.getty.edu/aat/300418049 | http://vocab.getty.edu/aat/300435443 | http://vocab.getty.edu/aat/300379098 | http://vocab.getty.edu/aat/300435452 | http://vocab.getty.edu/aat/300435430,https://id.rijksmuseum.nl/210640,c. 1675 - c. 1699,Portrait of an unknown woman,HumanMadeObject
,,https://id.rijksmuseum.nl/200108119,http://vocab.getty.edu/aat/300388277 | http://vocab.getty.edu/aat/300388256 | http://vocab.getty.edu/aat/300435416 | http://vocab.getty.edu/aat/300456575 | http://vocab.getty.edu/aat/300379012 | http://vocab.getty.edu/aat/300404450 | http://vocab.getty.edu/aat/300435417 | http://vocab.getty.edu/aat/300379475 | http://vocab.getty.edu/aat/300445022 | http://vocab.getty.edu/aat/300311705 | http://vocab.getty.edu/aat/300311954 | http://vocab.getty.edu/aat/300404670 | http://vocab.getty.edu/aat/300418049 | http://vocab.getty.edu/aat/300417200 | http://vocab.getty.edu/aat/300312355 | http://vocab.getty.edu/aat/300435443 | http://vocab.getty.edu/aat/300379098 | http://vocab.getty.edu/aat/300435429 | http://vocab.getty.edu/aat/300435452 | http://vocab.getty.edu/aat/300435430 | http://vocab.getty.edu/aat/300435414,https://id.rijksmuseum.nl/2101514,,Afternoon in a Gelderland Meadow,HumanMadeObject
,,https://id.rijksmuseum.nl/200108118,http://vocab.getty.edu/aat/300388256 | http://vocab.getty.edu/aat/300388277 | http://vocab.getty.edu/aat/300435416 | http://vocab.getty.edu/aat/300404269 | http://vocab.getty.edu/aat/300456575 | http://vocab.getty.edu/aat/300404450 | http://vocab.getty.edu/aat/300435417 | http://vocab.getty.edu/aat/300379475 | http://vocab.getty.edu/aat/300445022 | http://vocab.getty.edu/aat/300311705 | http://vocab.getty.edu/aat/300311954 | http://vocab.getty.edu/aat/300404670 | http://vocab.getty.edu/aat/300418049 | http://vocab.getty.edu/aat/300417200 | http://vocab.getty.edu/aat/300312355 | http://vocab.getty.edu/aat/300435443 | http://vocab.getty.edu/aat/300379098 | http://vocab.getty.edu/aat/300435430 | http://vocab.getty.edu/aat/300435452 | http://vocab.getty.edu/aat/300435429,,,Clipping the Wings of Cupids,HumanMadeObject
,,https://id.rijksmuseum.nl/20026466,http://vocab.getty.edu/aat/300388256 | http://vocab.getty.edu/aat/300388277 | http://vocab.getty.edu/aat/300435416 | http://vocab.getty.edu/aat/300456575 | http://vocab.getty.edu/aat/300404450 | http://vocab.getty.edu/aat/300435417 | http://vocab.getty.edu/aat/300379475 | http://vocab.getty.edu/aat/300417200 | http://vocab.getty.edu/aat/300404670 | http://vocab.getty.edu/aat/300312355 | http://vocab.getty.edu/aat/300435443 | http://vocab.getty.edu/aat/300379098 | http://vocab.getty.edu/aat/300435430 | http://vocab.getty.edu/aat/300418049,https://id.rijksmuseum.nl/210640,,SK-A-1590,HumanMadeObject
,,https://id.rijksmuseum.nl/200108117,http://vocab.getty.edu/aat/300456575 | http://vocab.getty.edu/aat/300388256 | http://vocab.getty.edu/aat/300388277 | http://vocab.getty.edu/aat/300435416 | http://vocab.getty.edu/aat/300404269 | http://vocab.getty.edu/aat/300404450 | http://vocab.getty.edu/aat/300435417 | http://vocab.getty.edu/aat/300379475 | http://vocab.getty.edu/aat/300445022 | http://vocab.getty.edu/aat/300311705 | http://vocab.getty.edu/aat/300311954 | http://vocab.getty.edu/aat/300417200 | http://vocab.getty.edu/aat/300404670 | http://vocab.getty.edu/aat/300418049 | http://vocab.getty.edu/aat/300312355 | http://vocab.getty.edu/aat/300435443 | http://vocab.getty.edu/aat/300379098 | http://vocab.getty.edu/aat/300435429 | http://vocab.getty.edu/aat/300435452 | http://vocab.getty.edu/aat/300435430,,,De verkoop van Cupido's,HumanMadeObject
,,https://id.rijksmuseum.nl/200108120,http://vocab.getty.edu/aat/300388256 | http://vocab.getty.edu/aat/300388277 | http://vocab.getty.edu/aat/300435416 | http://vocab.getty.edu/aat/300456575 | http://vocab.getty.edu/aat/300404450 | http://vocab.getty.edu/aat/300435417 | http://vocab.getty.edu/aat/300379475 | http://vocab.getty.edu/aat/300445022 | http://vocab.getty.edu/aat/300311705 | http://vocab.getty.edu/aat/300311954 | http://vocab.getty.edu/aat/300312355 | http://vocab.getty.edu/aat/300417200 | http://vocab.getty.edu/aat/300404670 | http://vocab.getty.edu/aat/300418049 | http://vocab.getty.edu/aat/300435443 | http://vocab.getty.edu/aat/300379098 | http://vocab.getty.edu/aat/300435430 | http://vocab.getty.edu/aat/300435414 | http://vocab.getty.edu/aat/300435452 | http://vocab.getty.edu/aat/300026687 | http://vocab.getty.edu/aat/300435429,https://id.rijksmuseum.nl/2101515,,Market Day in an Italian Town,HumanMadeObject
,,https://id.rijksmuseum.nl/20026467,http://vocab.getty.edu/aat/300388277 | http://vocab.getty.edu/aat/300388256 | http://vocab.getty.edu/aat/300435416 | http://vocab.getty.edu/aat/300227479 | http://vocab.getty.edu/aat/300404283 | http://vocab.getty.edu/aat/300456575 | http://vocab.getty.edu/aat/300404450 | http://vocab.getty.edu/aat/300435417 | http://vocab.getty.edu/aat/300379475 | http://vocab.getty.edu/aat/300445022 | http://vocab.getty.edu/aat/300311705 | http://vocab.getty.edu/aat/300311954 | http://vocab.getty.edu/aat/300312355 | http://vocab.getty.edu/aat/300404670 | http://vocab.getty.edu/aat/300418049 | http://vocab.getty.edu/aat/300417200 | http://vocab.getty.edu/aat/300435443 | http://vocab.getty.edu/aat/300379098 | http://vocab.getty.edu/aat/300435430 | http://vocab.getty.edu/aat/300435429 | http://vocab.getty.edu/aat/300435452,,,"Matthias, Emperor of the Holy Roman Empire (1557-1619)",HumanMadeObject
,,https://id.rijksmuseum.nl/20026468,http://vocab.getty.edu/aat/300388256 | http://vocab.getty.edu/aat/300388277 | http://vocab.getty.edu/aat/300435416 | http://vocab.getty.edu/aat/300456575 | http://vocab.getty.edu/aat/300404450 | http://vocab.getty.edu/aat/300435417 | http://vocab.getty.edu/aat/300379475 | http://vocab.getty.edu/aat/300445022 | http://vocab.getty.edu/aat/300311705 | http://vocab.getty.edu/aat/300311954 | http://vocab.getty.edu/aat/300417200 | http://vocab.getty.edu/aat/300404670 | http://vocab.getty.edu/aat/300418049 | http://vocab.getty.edu/aat/300312355 | http://vocab.getty.edu/aat/300435443 | http://vocab.getty.edu/aat/300379098 | http://vocab.getty.edu/aat/300435430 | http://vocab.getty.edu/aat/300444174 | http://vocab.getty.edu/aat/300435429 | http://vocab.getty.edu/aat/300435452 | http://vocab.getty.edu/aat/300435414 | http://vocab.getty.edu/aat/300417819 | http://vocab.getty.edu/aat/300027267,https://id.rijksmuseum.nl/2101516,,Still Life with Fish and a Lobster and Oysters on a Table nearby,HumanMadeObject
,,https://id.rijksmuseum.nl/20026469,http://vocab.getty.edu/aat/300388256 | http://vocab.getty.edu/aat/300388277 | http://vocab.getty.edu/aat/300435416 | http://vocab.getty.edu/aat/300456575 | http://vocab.getty.edu/aat/300404450 | http://vocab.getty.edu/aat/300435417 | http://vocab.getty.edu/aat/300379475 | http://vocab.getty.edu/aat/300311954 | http://vocab.getty.edu/aat/300445022 | http://vocab.getty.edu/aat/300311705 | http://vocab.getty.edu/aat/300417200 | http://vocab.getty.edu/aat/300404670 | http://vocab.getty.edu/aat/300418049 | http://vocab.getty.edu/aat/300312355 | http://vocab.getty.edu/aat/300435443 | http://vocab.getty.edu/aat/300379098 | http://vocab.getty.edu/aat/300435430 | http://vocab.getty.edu/aat/300435414 | http://vocab.getty.edu/aat/300026687 | http://vocab.getty.edu/aat/300435429 | http://vocab.getty.edu/aat/300435452 | http://vocab.getty.edu/aat/300417819 | http://vocab.getty.edu/aat/300027267 | http://vocab.getty.edu/aat/300444174,https://id.rijksmuseum.nl/2101516,,Still Life with Wild Fowl,HumanMadeObject
,,https://id.rijksmuseum.nl/20015874,http://vocab.getty.edu/aat/300388256 | http://vocab.getty.edu/aat/300388277 | http://vocab.getty.edu/aat/300435416 | http://vocab.getty.edu/aat/300456575 | http://vocab.getty.edu/aat/300404450 | http://vocab.getty.edu/aat/300435417 | http://vocab.getty.edu/aat/300379475 | http://vocab.getty.edu/aat/300445022 | http://vocab.getty.edu/aat/300311705 | http://vocab.getty.edu/aat/300311954 | http://vocab.getty.edu/aat/300312355 | http://vocab.getty.edu/aat/300404670 | http://vocab.getty.edu/aat/300418049 | http://vocab.getty.edu/aat/300417200 | http://vocab.getty.edu/aat/300435443 | http://vocab.getty.edu/aat/300379098 | http://vocab.getty.edu/aat/300435430 | http://vocab.getty.edu/aat/300435429 | http://vocab.getty.edu/aat/300435414 | http://vocab.getty.edu/aat/300435452,https://id.rijksmuseum.nl/21044143,,Krijgsman met lans en schild,HumanMadeObject
,,https://id.rijksmuseum.nl/20026472,http://vocab.getty.edu/aat/300456575 | http://vocab.getty.edu/aat/300388277 | http://vocab.getty.edu/aat/300388256 | http://vocab.getty.edu/aat/300435416 | http://vocab.getty.edu/aat/300404450 | http://vocab.getty.edu/aat/300435417 | http://vocab.getty.edu/aat/300379475 | http://vocab.getty.edu/aat/300048722 | http://vocab.getty.edu/aat/300417268 | http://vocab.getty.edu/aat/300404670 | http://vocab.getty.edu/aat/300418049 | http://vocab.getty.edu/aat/300445022 | http://vocab.getty.edu/aat/300311705 | http://vocab.getty.edu/aat/300311954 | http://vocab.getty.edu/aat/300404620 | http://vocab.getty.edu/aat/300417200 | http://vocab.getty.edu/aat/300312355 | http://vocab.getty.edu/aat/300435443 | http://vocab.getty.edu/aat/300435430 | http://vocab.getty.edu/aat/300379098 | http://vocab.getty.edu/aat/300435429 | http://vocab.getty.edu/aat/300026687 | http://vocab.getty.edu/aat/300435452,https://id.rijksmuseum.nl/2101520,,SK-A-1909,HumanMadeObject
,,https://id.rijksmuseum.nl/20026476,http://vocab.getty.edu/aat/300388256 | http://vocab.getty.edu/aat/300388277 | http://vocab.getty.edu/aat/300435416 | http://vocab.getty.edu/aat/300456575 | http://vocab.getty.edu/aat/300404450 | http://vocab.getty.edu/aat/300435417 | http://vocab.getty.edu/aat/300379475 | http://vocab.getty.edu/aat/300311705 | http://vocab.getty.edu/aat/300311954 | http://vocab.getty.edu/aat/300445022 | http://vocab.getty.edu/aat/300417200 | http://vocab.getty.edu/aat/300404670 | http://vocab.getty.edu/aat/300418049 | http://vocab.getty.edu/aat/300312355 | http://vocab.getty.edu/aat/300435443 | http://vocab.getty.edu/aat/300379098 | http://vocab.getty.edu/aat/300435430 | http://vocab.getty.edu/aat/300435414 | http://vocab.getty.edu/aat/300435452 | http://vocab.getty.edu/aat/300435429 | http://vocab.getty.edu/aat/300026687,https://id.rijksmuseum.nl/21039551,,SK-A-1726,HumanMadeObject
,,https://id.rijksmuseum.nl/20026474,http://vocab.getty.edu/aat/300388277 | http://vocab.getty.edu/aat/300388256 | http://vocab.getty.edu/aat/300435416 | http://vocab.getty.edu/aat/300456575 | http://vocab.getty.edu/aat/300404450 | http://vocab.getty.edu/aat/300435417 | http://vocab.getty.edu/aat/300379475 | http://vocab.getty.edu/aat/300445022 | http://vocab.getty.edu/aat/300311705 | http://vocab.getty.edu/aat/300311954 | http://vocab.getty.edu/aat/300404620 | http://vocab.getty.edu/aat/300312355 | http://vocab.getty.edu/aat/300404670 | http://vocab.getty.edu/aat/300418049 | http://vocab.getty.edu/aat/300417200 | http://vocab.getty.edu/aat/300435443 | http://vocab.getty.edu/aat/300379098 | http://vocab.getty.edu/aat/300435430 | http://vocab.getty.edu/aat/300435414 | http://vocab.getty.edu/aat/300435452 | http://vocab.getty.edu/aat/300435429,https://id.rijksmuseum.nl/21044143,,Warrior with Drawn Sword,HumanMadeObject
,,https://id.rijksmuseum.nl/20026475,http://vocab.getty.edu/aat/300388256 | http://vocab.getty.edu/aat/300388277 | http://vocab.getty.edu/aat/300435416 | http://vocab.getty.edu/aat/300456575 | http://vocab.getty.edu/aat/300404450 | http://vocab.getty.edu/aat/300435417 | http://vocab.getty.edu/aat/300379475 | http://vocab.getty.edu/aat/300404620 | http://vocab.getty.edu/aat/300311705 | http://vocab.getty.edu/aat/300311954 | http://vocab.getty.edu/aat/300445022 | http://vocab.getty.edu/aat/300404670 | http://vocab.getty.edu/aat/300418049 | http://vocab.getty.edu/aat/300417200 | http://vocab.getty.edu/aat/300312355 | http://vocab.getty.edu/aat/300435443 | http://vocab.getty.edu/aat/300435430 | http://vocab.getty.edu/aat/300379098 | http://vocab.getty.edu/aat/300435429 | http://vocab.getty.edu/aat/300435414 | http://vocab.getty.edu/aat/300435452,https://id.rijksmuseum.nl/21044143,,Proculeius preventing Cleopatra from stabbing herself,HumanMadeObject
,,https://id.rijksmuseum.nl/20026478,http://vocab.getty.edu/aat/300388277 | http://vocab.getty.edu/aat/300388256 | http://vocab.getty.edu/aat/300435416 | http://vocab.getty.edu/aat/300456575 | http://vocab.getty.edu/aat/300404450 | http://vocab.getty.edu/aat/300435417 | http://vocab.getty.edu/aat/300379475 | http://vocab.getty.edu/aat/300445022 | http://vocab.getty.edu/aat/300311705 | http://vocab.getty.edu/aat/300311954 | http://vocab.getty.edu/aat/300404670 | http://vocab.getty.edu/aat/300418049 | http://vocab.getty.edu/aat/300417200 | http://vocab.getty.edu/aat/300312355 | http://vocab.getty.edu/aat/300435443 | http://vocab.getty.edu/aat/300379098 | http://vocab.getty.edu/aat/300435430 | http://vocab.getty.edu/aat/300435414 | http://vocab.getty.edu/aat/300435429 | http://vocab.getty.edu/aat/300026687 | http://vocab.getty.edu/aat/300435452,https://id.rijksmuseum.nl/2101308,,SK-A-1799,HumanMadeObject
,,https://id.rijksmuseum.nl/200108123,http://vocab.getty.edu/aat/300388256 | http://vocab.getty.edu/aat/300388277 | http://vocab.getty.edu/aat/300435416 | http://vocab.getty.edu/aat/300456575 | http://vocab.getty.edu/aat/300404450 | http://vocab.getty.edu/aat/300435417 | http://vocab.getty.edu/aat/300048722 | http://vocab.getty.edu/aat/300404670 | http://vocab.getty.edu/aat/300418049 | http://vocab.getty.edu/aat/300417207 | http://vocab.getty.edu/aat/300312075 | http://vocab.getty.edu/aat/300417268 | http://vocab.getty.edu/aat/300379475 | http://vocab.getty.edu/aat/300445022 | http://vocab.getty.edu/aat/300311705 | http://vocab.getty.edu/aat/300311954 | http://vocab.getty.edu/aat/300404620 | http://vocab.getty.edu/aat/300312355 | http://vocab.getty.edu/aat/300417200 | http://vocab.getty.edu/aat/300435443 | http://vocab.getty.edu/aat/300379098 | http://vocab.getty.edu/aat/300435430 | http://vocab.getty.edu/aat/300379226 | http://vocab.getty.edu/aat/300260522 | http://vocab.getty.edu/aat/300004188 | http://vocab.getty.edu/aat/300435449 | http://vocab.getty.edu/aat/300379391 | http://vocab.getty.edu/aat/300417819 | http://vocab.getty.edu/aat/300027267 | http://vocab.getty.edu/aat/300435414 | http://vocab.getty.edu/aat/300435429 | http://vocab.getty.edu/aat/300435452,https://id.rijksmuseum.nl/2101520,,SK-A-3,HumanMadeObject
,,https://id.rijksmuseum.nl/20026477,http://vocab.getty.edu/aat/300388256 | http://vocab.getty.edu/aat/300388277 | http://vocab.getty.edu/aat/300435416 | http://vocab.getty.edu/aat/300456575 | http://vocab.getty.edu/aat/300404450 | http://vocab.getty.edu/aat/300435417 | http://vocab.getty.edu/aat/300379475 | http://vocab.getty.edu/aat/300445022 | http://vocab.getty.edu/aat/300311705 | http://vocab.getty.edu/aat/300311954 | http://vocab.getty.edu/aat/300404670 | http://vocab.getty.edu/aat/300418049 | http://vocab.getty.edu/aat/300417200 | http://vocab.getty.edu/aat/300312355 | http://vocab.getty.edu/aat/300435443 | http://vocab.getty.edu/aat/300379098 | http://vocab.getty.edu/aat/300435430 | http://vocab.getty.edu/aat/300435414 | http://vocab.getty.edu/aat/300435452 | http://vocab.getty.edu/aat/300026687 | http://vocab.getty.edu/aat/300435429,https://id.rijksmuseum.nl/2101308,,In Later Life,HumanMadeObject
,,https://id.rijksmuseum.nl/20026481,http://vocab.getty.edu/aat/300388277 | http://vocab.getty.edu/aat/300388256 | http://vocab.getty.edu/aat/300435416 | http://vocab.getty.edu/aat/300456575 | http://vocab.getty.edu/aat/300404450 | http://vocab.getty.edu/aat/300435417 | http://vocab.getty.edu/aat/300379475 | http://vocab.getty.edu/aat/300445022 | http://vocab.getty.edu/aat/300311705 | http://vocab.getty.edu/aat/300311954 | http://vocab.getty.edu/aat/300417200 | http://vocab.getty.edu/aat/300404670 | http://vocab.getty.edu/aat/300418049 | http://vocab.getty.edu/aat/300312355 | http://vocab.getty.edu/aat/300435443 | http://vocab.getty.edu/aat/300435430 | http://vocab.getty.edu/aat/300379098 | http://vocab.getty.edu/aat/300026687 | http://vocab.getty.edu/aat/300435429 | http://vocab.getty.edu/aat/300435414 | http://vocab.getty.edu/aat/300435452,https://id.rijksmuseum.nl/2101308,,Still Life with Oriental Slippers,HumanMadeObject
,,https://id.rijksmuseum.nl/200108122,http://vocab.getty.edu/aat/300388277 | http://vocab.getty.edu/aat/300388256 | http://vocab.getty.edu/aat/300435416 | http://vocab.getty.edu/aat/300456575 | http://vocab.getty.edu/aat/300404450 | http://vocab.getty.edu/aat/300435417 | http://vocab.getty.edu/aat/300404670 | http://vocab.getty.edu/aat/300418049 | http://vocab.getty.edu/aat/300417207 | http://vocab.getty.edu/aat/300312075 | http://vocab.getty.edu/aat/300048722 | http://vocab.getty.edu/aat/300417268 | http://vocab.getty.edu/aat/300379475 | http://vocab.getty.edu/aat/300311705 | http://vocab.getty.edu/aat/300311954 | http://vocab.getty.edu/aat/300404620 | http://vocab.getty.edu/aat/300445022 | http://vocab.getty.edu/aat/300417200 | http://vocab.getty.edu/aat/300312355 | http://vocab.getty.edu/aat/300435443 | http://vocab.getty.edu/aat/300435430 | http://vocab.getty.edu/aat/300379226 | http://vocab.getty.edu/aat/300379098 | http://vocab.getty.edu/aat/300004188 | http://vocab.getty.edu/aat/300379391 | http://vocab.getty.edu/aat/300260522 | http://vocab.getty.edu/aat/300435449 | http://vocab.getty.edu/aat/300444174 | http://vocab.getty.edu/aat/300026687 | http://vocab.getty.edu/aat/300435452 | http://vocab.getty.edu/aat/300435429,https://id.rijksmuseum.nl/2101520,,De aanbidding van de koningen,HumanMadeObject
,,https://id.rijksmuseum.nl/20026480,http://vocab.getty.edu/aat/300388277 | http://vocab.getty.edu/aat/300388256 | http://vocab.getty.edu/aat/300435416 | http://vocab.getty.edu/aat/300028702 | http://vocab.getty.edu/aat/300456575 | http://vocab.getty.edu/aat/300404450 | http://vocab.getty.edu/aat/300435417 | http://vocab.getty.edu/aat/300379475 | http://vocab.getty.edu/aat/300445022 | http://vocab.getty.edu/aat/300311705 | http://vocab.getty.edu/aat/300311954 | http://vocab.getty.edu/aat/300417200 | http://vocab.getty.edu/aat/300404670 | http://vocab.getty.edu/aat/300418049 | http://vocab.getty.edu/aat/300312355 | http://vocab.getty.edu/aat/300435443 | http://vocab.getty.edu/aat/300379098 | http://vocab.getty.edu/aat/300435430 | http://vocab.getty.edu/aat/300435452 | http://vocab.getty.edu/aat/300435429 | http://vocab.getty.edu/aat/300435414 | http://vocab.getty.edu/aat/300026687,,,Well-guarded Infant,HumanMadeObject
,,https://id.rijksmuseum.nl/20026483,http://vocab.getty.edu/aat/300388277 | http://vocab.getty.edu/aat/300388256 | http://vocab.getty.edu/aat/300435416 | http://vocab.getty.edu/aat/300456575 | http://vocab.getty.edu/aat/300404450 | http://vocab.getty.edu/aat/300435417 | http://vocab.getty.edu/aat/300379475 | http://vocab.getty.edu/aat/300445022 | http://vocab.getty.edu/aat/300311705 | http://vocab.getty.edu/aat/300311954 | http://vocab.getty.edu/aat/300404670 | http://vocab.getty.edu/aat/300418049 | http://vocab.getty.edu/aat/300417200 | http://vocab.getty.edu/aat/300312355 | http://vocab.getty.edu/aat/300435443 | http://vocab.getty.edu/aat/300379098 | http://vocab.getty.edu/aat/300435430 | http://vocab.getty.edu/aat/300435452 | http://vocab.getty.edu/aat/300026687 | http://vocab.getty.edu/aat/300435429 | http://vocab.getty.edu/aat/300435414,https://id.rijksmuseum.nl/2101308,,A young Woman,HumanMadeObject
,,https://id.rijksmuseum.nl/20026479,http://vocab.getty.edu/aat/300388277 | http://vocab.getty.edu/aat/300388256 | http://vocab.getty.edu/aat/300435416 | http://vocab.getty.edu/aat/300028702 | http://vocab.getty.edu/aat/300456575 | http://vocab.getty.edu/aat/300404450 | http://vocab.getty.edu/aat/300435417 | http://vocab.getty.edu/aat/300379475 | http://vocab.getty.edu/aat/300445022 | http://vocab.getty.edu/aat/300311705 | http://vocab.getty.edu/aat/300311954 | http://vocab.getty.edu/aat/300312355 | http://vocab.getty.edu/aat/300404670 | http://vocab.getty.edu/aat/300418049 | http://vocab.getty.edu/aat/300417200 | http://vocab.getty.edu/aat/300435443 | http://vocab.getty.edu/aat/300435430 | http://vocab.getty.edu/aat/300379098 | http://vocab.getty.edu/aat/300435452 | http://vocab.getty.edu/aat/300444174 | http://vocab.getty.edu/aat/300026687 | http://vocab.getty.edu/aat/300435414 | http://vocab.getty.edu/aat/300435429,,,Portrait of a Boy,HumanMadeObject
,,https://id.rijksmuseum.nl/20026486,http://vocab.getty.edu/aat/300388277 | http://vocab.getty.edu/aat/300388256 | http://vocab.getty.edu/aat/300435416 | http://vocab.getty.edu/aat/300028702 | http://vocab.getty.edu/aat/300456575 | http://vocab.getty.edu/aat/300404450 | http://vocab.getty.edu/aat/300435417 | http://vocab.getty.edu/aat/300379475 | http://vocab.getty.edu/aat/300445022 | http://vocab.getty.edu/aat/300311705 | http://vocab.getty.edu/aat/300311954 | http://vocab.getty.edu/aat/300312355 | http://vocab.getty.edu/aat/300417200 | http://vocab.getty.edu/aat/300404670 | http://vocab.getty.edu/aat/300418049 | http://vocab.getty.edu/aat/300435443 | http://vocab.getty.edu/aat/300435430 | http://vocab.getty.edu/aat/300379098 | http://vocab.getty.edu/aat/300435452 | http://vocab.getty.edu/aat/300435414 | http://vocab.getty.edu/aat/300026687 | http://vocab.getty.edu/aat/300435429,,,Mary Magdalene,HumanMadeObject
,,https://id.rijksmuseum.nl/20026482,http://vocab.getty.edu/aat/300388256 | http://vocab.getty.edu/aat/300388277 | http://vocab.getty.edu/aat/300435416 | http://vocab.getty.edu/aat/300028702 | http://vocab.getty.edu/aat/300456575 | http://vocab.getty.edu/aat/300404450 | http://vocab.getty.edu/aat/300435417 | http://vocab.getty.edu/aat/300379475 | http://vocab.getty.edu/aat/300445022 | http://vocab.getty.edu/aat/300311705 | http://vocab.getty.edu/aat/300311954 | http://vocab.getty.edu/aat/300404670 | http://vocab.getty.edu/aat/300418049 | http://vocab.getty.edu/aat/300417200 | http://vocab.getty.edu/aat/300312355 | http://vocab.getty.edu/aat/300435443 | http://vocab.getty.edu/aat/300379098 | http://vocab.getty.edu/aat/300435430 | http://vocab.getty.edu/aat/300026687 | http://vocab.getty.edu/aat/300435452 | http://vocab.getty.edu/aat/300444174 | http://vocab.getty.edu/aat/300435429 | http://vocab.getty.edu/aat/300435414,,,Old Woman by the Fireplace,HumanMadeObject
,,https://id.rijksmuseum.nl/200108125,http://vocab.getty.edu/aat/300388256 | http://vocab.getty.edu/aat/300388277 | http://vocab.getty.edu/aat/300435416 | http://vocab.getty.edu/aat/300404287 | http://vocab.getty.edu/aat/300456575 | http://vocab.getty.edu/aat/300404450 | http://vocab.getty.edu/aat/300435417 | http://vocab.getty.edu/aat/300379475 | http://vocab.getty.edu/aat/300311954 | http://vocab.getty.edu/aat/300445022 | http://vocab.getty.edu/aat/300311705 | http://vocab.getty.edu/aat/300417200 | http://vocab.getty.edu/aat/300404670 | http://vocab.getty.edu/aat/300418049 | http://vocab.getty.edu/aat/300312355 | http://vocab.getty.edu/aat/300435443 | http://vocab.getty.edu/aat/300379098 | http://vocab.getty.edu/aat/300435430 | http://vocab.getty.edu/aat/300435429 | http://vocab.getty.edu/aat/300435452,,,SK-A-1,HumanMadeObject
,,https://id.rijksmuseum.nl/20026485,http://vocab.getty.edu/aat/300456575 | http://vocab.getty.edu/aat/300388256 | http://vocab.getty.edu/aat/300388277 | http://vocab.getty.edu/aat/300435416 | http://vocab.getty.edu/aat/300404450 | http://vocab.getty.edu/aat/300435417 | http://vocab.getty.edu/aat/300379475 | http://vocab.getty.edu/aat/300445022 | http://vocab.getty.edu/aat/300311705 | http://vocab.getty.edu/aat/300311954 | http://vocab.getty.edu/aat/300404670 | http://vocab.getty.edu/aat/300418049 | http://vocab.getty.edu/aat/300417200 | http://vocab.getty.edu/aat/300312355 | http://vocab.getty.edu/aat/300435443 | http://vocab.getty.edu/aat/300379098 | http://vocab.getty.edu/aat/300435430 | http://vocab.getty.edu/aat/300026687 | http://vocab.getty.edu/aat/300435414 | http://vocab.getty.edu/aat/300435429 | http://vocab.getty.edu/aat/300435452 | http://vocab.getty.edu/aat/300444174,https://id.rijksmuseum.nl/2101526,,Mary Magdalene,HumanMadeObject
,,https://id.rijksmuseum.nl/20026484,http://vocab.getty.edu/aat/300388277 | http://vocab.getty.edu/aat/300388256 | http://vocab.getty.edu/aat/300435416 | http://vocab.getty.edu/aat/300028702 | http://vocab.getty.edu/aat/300456575 | http://vocab.getty.edu/aat/300404450 | http://vocab.getty.edu/aat/300435417 | http://vocab.getty.edu/aat/300379475 | http://vocab.getty.edu/aat/300445022 | http://vocab.getty.edu/aat/300311705 | http://vocab.getty.edu/aat/300311954 | http://vocab.getty.edu/aat/300404620 | http://vocab.getty.edu/aat/300404670 | http://vocab.getty.edu/aat/300418049 | http://vocab.getty.edu/aat/300417200 | http://vocab.getty.edu/aat/300312355 | http://vocab.getty.edu/aat/300435443 | http://vocab.getty.edu/aat/300379098 | http://vocab.getty.edu/aat/300435430 | http://vocab.getty.edu/aat/300435429 | http://vocab.getty.edu/aat/300026687 | http://vocab.getty.edu/aat/300435452 | http://vocab.getty.edu/aat/300435414,,,The Butterflies,HumanMadeObject
,,https://id.rijksmuseum.nl/2004259,http://vocab.getty.edu/aat/300388256 | http://vocab.getty.edu/aat/300388277 | http://vocab.getty.edu/aat/300435416 | http://vocab.getty.edu/aat/300456575 | http://vocab.getty.edu/aat/300404450 | http://vocab.getty.edu/aat/300435417 | http://vocab.getty.edu/aat/300048722 | http://vocab.getty.edu/aat/300404670 | http://vocab.getty.edu/aat/300418049 | http://vocab.getty.edu/aat/300417207 | http://vocab.getty.edu/aat/300312075 | http://vocab.getty.edu/aat/300417268 | http://vocab.getty.edu/aat/300379475 | http://vocab.getty.edu/aat/300311954 | http://vocab.getty.edu/aat/300445022 | http://vocab.getty.edu/aat/300311705 | http://vocab.getty.edu/aat/300404620 | http://vocab.getty.edu/aat/300312355 | http://vocab.getty.edu/aat/300417200 | http://vocab.getty.edu/aat/300435443 | http://vocab.getty.edu/aat/300379098 | http://vocab.getty.edu/aat/300004188 | http://vocab.getty.edu/aat/300379391 | http://vocab.getty.edu/aat/300260522 | http://vocab.getty.edu/aat/300435449 | http://vocab.getty.edu/aat/300435414 | http://vocab.getty.edu/aat/300435429 | http://vocab.getty.edu/aat/300435452 | http://vocab.getty.edu/aat/300435430 | http://vocab.getty.edu/aat/300026687,https://id.rijksmuseum.nl/2101526,,Death of the Pharaoh's Firstborn Son,HumanMadeObject
,,https://id.rijksmuseum.nl/200108127,http://vocab.getty.edu/aat/300388256 | http://vocab.getty.edu/aat/300388277 | http://vocab.getty.edu/aat/300435416 | http://vocab.getty.edu/aat/300456575 | http://vocab.getty.edu/aat/300404450 | http://vocab.getty.edu/aat/300435417 | http://vocab.getty.edu/aat/300379475 | http://vocab.getty.edu/aat/300445022 | http://vocab.getty.edu/aat/300311705 | http://vocab.getty.edu/aat/300311954 | http://vocab.getty.edu/aat/300417200 | http://vocab.getty.edu/aat/300404670 | http://vocab.getty.edu/aat/300418049 | http://vocab.getty.edu/aat/300312355 | http://vocab.getty.edu/aat/300435443 | http://vocab.getty.edu/aat/300379098 | http://vocab.getty.edu/aat/300435429 | http://vocab.getty.edu/aat/300435452 | http://vocab.getty.edu/aat/300435430 | http://vocab.getty.edu/aat/300435414 | http://vocab.getty.edu/aat/300026687,https://id.rijksmuseum.nl/2101531,,"Johan Theodore Strack√© (1817-1891), Sculptor",HumanMadeObject
,,https://id.rijksmuseum.nl/20026487,http://vocab.getty.edu/aat/300388277 | http://vocab.getty.edu/aat/300388256 | http://vocab.getty.edu/aat/300435416 | http://vocab.getty.edu/aat/300456575 | http://vocab.getty.edu/aat/300404450 | http://vocab.getty.edu/aat/300435417 | http://vocab.getty.edu/aat/300379475 | http://vocab.getty.edu/aat/300312355 | http://vocab.getty.edu/aat/300417200 | http://vocab.getty.edu/aat/300404670 | http://vocab.getty.edu/aat/300418049 | http://vocab.getty.edu/aat/300435443 | http://vocab.getty.edu/aat/300379098 | http://vocab.getty.edu/aat/300435430 | http://vocab.getty.edu/aat/300026687 | http://vocab.getty.edu/aat/300435452 | http://vocab.getty.edu/aat/300435429 | http://vocab.getty.edu/aat/300435414,https://id.rijksmuseum.nl/210640,,"Portrait of a Woman, called Theodora de Visscher, Wife of Jacob Rijswijk",HumanMadeObject
,,https://id.rijksmuseum.nl/2004258,http://vocab.getty.edu/aat/300388256 | http://vocab.getty.edu/aat/300388277 | http://vocab.getty.edu/aat/300435416 | http://vocab.getty.edu/aat/300456575 | http://vocab.getty.edu/aat/300404450 | http://vocab.getty.edu/aat/300435417 | http://vocab.getty.edu/aat/300048722 | http://vocab.getty.edu/aat/300417207 | http://vocab.getty.edu/aat/300404670 | http://vocab.getty.edu/aat/300418049 | http://vocab.getty.edu/aat/300312075 | http://vocab.getty.edu/aat/300417268 | http://vocab.getty.edu/aat/300379475 | http://vocab.getty.edu/aat/300445022 | http://vocab.getty.edu/aat/300311705 | http://vocab.getty.edu/aat/300311954 | http://vocab.getty.edu/aat/300312355 | http://vocab.getty.edu/aat/300417200 | http://vocab.getty.edu/aat/300435443 | http://vocab.getty.edu/aat/300379098 | http://vocab.getty.edu/aat/300435430 | http://vocab.getty.edu/aat/300435414 | http://vocab.getty.edu/aat/300435429 | http://vocab.getty.edu/aat/300026687 | http://vocab.getty.edu/aat/300435452,https://id.rijksmuseum.nl/2101529,,"Airs and Graces, Opus CX",HumanMadeObject
,,https://id.rijksmuseum.nl/200108126,http://vocab.getty.edu/aat/300388277 | http://vocab.getty.edu/aat/300388256 | http://vocab.getty.edu/aat/300435416 | http://vocab.getty.edu/aat/300456575 | http://vocab.getty.edu/aat/300404450 | http://vocab.getty.edu/aat/300435417 | http://vocab.getty.edu/aat/300379475 | http://vocab.getty.edu/aat/300417207 | http://vocab.getty.edu/aat/300404670 | http://vocab.getty.edu/aat/300418049 | http://vocab.getty.edu/aat/300312075 | http://vocab.getty.edu/aat/300048722 | http://vocab.getty.edu/aat/300417268 | http://vocab.getty.edu/aat/300311705 | http://vocab.getty.edu/aat/300311954 | http://vocab.getty.edu/aat/300404620 | http://vocab.getty.edu/aat/300445022 | http://vocab.getty.edu/aat/300417200 | http://vocab.getty.edu/aat/300312355 | http://vocab.getty.edu/aat/300435443 | http://vocab.getty.edu/aat/300379098 | http://vocab.getty.edu/aat/300004188 | http://vocab.getty.edu/aat/300379391 | http://vocab.getty.edu/aat/300260522 | http://vocab.getty.edu/aat/300435449 | http://vocab.getty.edu/aat/300026687 | http://vocab.getty.edu/aat/300435414 | http://vocab.getty.edu/aat/300435429 | http://vocab.getty.edu/aat/300435430 | http://vocab.getty.edu/aat/300435452,https://id.rijksmuseum.nl/2101526,,The Egyptian Widow,HumanMadeObject
,,https://id.rijksmuseum.nl/20026489,http://vocab.getty.edu/aat/300388256 | http://vocab.getty.edu/aat/300388277 | http://vocab.getty.edu/aat/300435416 | http://vocab.getty.edu/aat/300456575 | http://vocab.getty.edu/aat/300404450 | http://vocab.getty.edu/aat/300435417 | http://vocab.getty.edu/aat/300379475 | http://vocab.getty.edu/aat/300312355 | http://vocab.getty.edu/aat/300417200 | http://vocab.getty.edu/aat/300404670 | http://vocab.getty.edu/aat/300418049 | http://vocab.getty.edu/aat/300435443 | http://vocab.getty.edu/aat/300435430 | http://vocab.getty.edu/aat/300379098 | http://vocab.getty.edu/aat/300026687 | http://vocab.getty.edu/aat/300435429 | http://vocab.getty.edu/aat/300435452 | http://vocab.getty.edu/aat/300435414,https://id.rijksmuseum.nl/210640,,Jacob Rijswijk (1641-96),HumanMadeObject
,,https://id.rijksmuseum.nl/200108130,http://vocab.getty.edu/aat/300388256 | http://vocab.getty.edu/aat/300388277 | http://vocab.getty.edu/aat/300435416 | http://vocab.getty.edu/aat/300456575 | http://vocab.getty.edu/aat/300404450 | http://vocab.getty.edu/aat/300435417 | http://vocab.getty.edu/aat/300379475 | http://vocab.getty.edu/aat/300445022 | http://vocab.getty.edu/aat/300311705 | http://vocab.getty.edu/aat/300311954 | http://vocab.getty.edu/aat/300312355 | http://vocab.getty.edu/aat/300404670 | http://vocab.getty.edu/aat/300418049 | http://vocab.getty.edu/aat/300417200 | http://vocab.getty.edu/aat/300435443 | http://vocab.getty.edu/aat/300379098 | http://vocab.getty.edu/aat/300435429 | http://vocab.getty.edu/aat/300026687 | http://vocab.getty.edu/aat/300435414 | http://vocab.getty.edu/aat/300435430 | http://vocab.getty.edu/aat/300435452,https://id.rijksmuseum.nl/2101534,,Portrait of a Woman,HumanMadeObject
,,https://id.rijksmuseum.nl/20026488,http://vocab.getty.edu/aat/300388256 | http://vocab.getty.edu/aat/300388277 | http://vocab.getty.edu/aat/300435416 | http://vocab.getty.edu/aat/300456575 | http://vocab.getty.edu/aat/300404450 | http://vocab.getty.edu/aat/300435417 | http://vocab.getty.edu/aat/300379475 | http://vocab.getty.edu/aat/300312355 | http://vocab.getty.edu/aat/300404670 | http://vocab.getty.edu/aat/300418049 | http://vocab.getty.edu/aat/300417200 | http://vocab.getty.edu/aat/300435443 | http://vocab.getty.edu/aat/300435430 | http://vocab.getty.edu/aat/300379098 | http://vocab.getty.edu/aat/300435429 | http://vocab.getty.edu/aat/300444174 | http://vocab.getty.edu/aat/300026687 | http://vocab.getty.edu/aat/300435452,https://id.rijksmuseum.nl/210640,,Binnenplaats van het Oost Indisch Huis te Amsterdam,HumanMadeObject
,,https://id.rijksmuseum.nl/20026490,http://vocab.getty.edu/aat/300388277 | http://vocab.getty.edu/aat/300388256 | http://vocab.getty.edu/aat/300435416 | http://vocab.getty.edu/aat/300456575 | http://vocab.getty.edu/aat/300404450 | http://vocab.getty.edu/aat/300435417 | http://vocab.getty.edu/aat/300379475 | http://vocab.getty.edu/aat/300445022 | http://vocab.getty.edu/aat/300311705 | http://vocab.getty.edu/aat/300311954 | http://vocab.getty.edu/aat/300312355 | http://vocab.getty.edu/aat/300417200 | http://vocab.getty.edu/aat/300404670 | http://vocab.getty.edu/aat/300418049 | http://vocab.getty.edu/aat/300435443 | http://vocab.getty.edu/aat/300435430 | http://vocab.getty.edu/aat/300379098 | http://vocab.getty.edu/aat/300435452 | http://vocab.getty.edu/aat/300026687 | http://vocab.getty.edu/aat/300435414 | http://vocab.getty.edu/aat/300435429,https://id.rijksmuseum.nl/2101532,,Zelfportret,HumanMadeObject
,,https://id.rijksmuseum.nl/20015875,http://vocab.getty.edu/aat/300388277 | http://vocab.getty.edu/aat/300388256 | http://vocab.getty.edu/aat/300435416 | http://vocab.getty.edu/aat/300456575 | http://vocab.getty.edu/aat/300404450 | http://vocab.getty.edu/aat/300435417 | http://vocab.getty.edu/aat/300379475 | http://vocab.getty.edu/aat/300445022 | http://vocab.getty.edu/aat/300311705 | http://vocab.getty.edu/aat/300311954 | http://vocab.getty.edu/aat/300312355 | http://vocab.getty.edu/aat/300417200 | http://vocab.getty.edu/aat/300404670 | http://vocab.getty.edu/aat/300418049 | http://vocab.getty.edu/aat/300435443 | http://vocab.getty.edu/aat/300379098 | http://vocab.getty.edu/aat/300026687 | http://vocab.getty.edu/aat/300435452 | http://vocab.getty.edu/aat/300435414 | http://vocab.getty.edu/aat/300435430 | http://vocab.getty.edu/aat/300435429,https://id.rijksmuseum.nl/2101534,,"Six Regents and the Housemaster of the Oudezijds Institute for the Outdoor Relief of the Poor, Amsterdam, 1675",HumanMadeObject
,,https://id.rijksmuseum.nl/20026491,http://vocab.getty.edu/aat/300456575 | http://vocab.getty.edu/aat/300388256 | http://vocab.getty.edu/aat/300388277 | http://vocab.getty.edu/aat/300435416 | http://vocab.getty.edu/aat/300028705 | http://vocab.getty.edu/aat/300404450 | http://vocab.getty.edu/aat/300435417 | http://vocab.getty.edu/aat/300379475 | http://vocab.getty.edu/aat/300048722 | http://vocab.getty.edu/aat/300404670 | http://vocab.getty.edu/aat/300418049 | http://vocab.getty.edu/aat/300417268 | http://vocab.getty.edu/aat/300311954 | http://vocab.getty.edu/aat/300445022 | http://vocab.getty.edu/aat/300311705 | http://vocab.getty.edu/aat/300312355 | http://vocab.getty.edu/aat/300417200 | http://vocab.getty.edu/aat/300435443 | http://vocab.getty.edu/aat/300435430 | http://vocab.getty.edu/aat/300379098 | http://vocab.getty.edu/aat/300435429 | http://vocab.getty.edu/aat/300444174 | http://vocab.getty.edu/aat/300435414 | http://vocab.getty.edu/aat/300435452,,,Six Putti with Flowers and Fruit and Attributes of the Art of Drawing,HumanMadeObject
,,https://id.rijksmuseum.nl/200108129,http://vocab.getty.edu/aat/300388256 | http://vocab.getty.edu/aat/300388277 | http://vocab.getty.edu/aat/300435416 | http://vocab.getty.edu/aat/300456575 | http://vocab.getty.edu/aat/300404450 | http://vocab.getty.edu/aat/300435417 | http://vocab.getty.edu/aat/300379475 | http://vocab.getty.edu/aat/300445022 | http://vocab.getty.edu/aat/300311705 | http://vocab.getty.edu/aat/300311954 | http://vocab.getty.edu/aat/300417200 | http://vocab.getty.edu/aat/300404670 | http://vocab.getty.edu/aat/300418049 | http://vocab.getty.edu/aat/300312355 | http://vocab.getty.edu/aat/300435443 | http://vocab.getty.edu/aat/300379098 | http://vocab.getty.edu/aat/300435429 | http://vocab.getty.edu/aat/300435430 | http://vocab.getty.edu/aat/300435452 | http://vocab.getty.edu/aat/300435414,https://id.rijksmuseum.nl/2101534,,SK-A-2,HumanMadeObject
,,https://id.rijksmuseum.nl/20026495,http://vocab.getty.edu/aat/300388277 | http://vocab.getty.edu/aat/300388256 | http://vocab.getty.edu/aat/300435416 | http://vocab.getty.edu/aat/300028705 | http://vocab.getty.edu/aat/300456575 | http://vocab.getty.edu/aat/300404450 | http://vocab.getty.edu/aat/300435417 | http://vocab.getty.edu/aat/300379475 | http://vocab.getty.edu/aat/300404620 | http://vocab.getty.edu/aat/300445022 | http://vocab.getty.edu/aat/300311705 | http://vocab.getty.edu/aat/300311954 | http://vocab.getty.edu/aat/300404670 | http://vocab.getty.edu/aat/300418049 | http://vocab.getty.edu/aat/300417200 | http://vocab.getty.edu/aat/300312355 | http://vocab.getty.edu/aat/300435443 | http://vocab.getty.edu/aat/300379098 | http://vocab.getty.edu/aat/300435430 | http://vocab.getty.edu/aat/300435452 | http://vocab.getty.edu/aat/300435414 | http://vocab.getty.edu/aat/300417819 | http://vocab.getty.edu/aat/300027267 | http://vocab.getty.edu/aat/300435429 | http://vocab.getty.edu/aat/300444174,,,Gevecht van Hollandse en Engelse schepen tegen de Spaanse Armada.,HumanMadeObject
,,https://id.rijksmuseum.nl/20026494,http://vocab.getty.edu/aat/300388256 | http://vocab.getty.edu/aat/300388277 | http://vocab.getty.edu/aat/300435416 | http://vocab.getty.edu/aat/300028702 | http://vocab.getty.edu/aat/300456575 | http://vocab.getty.edu/aat/300404450 | http://vocab.getty.edu/aat/300435417 | http://vocab.getty.edu/aat/300379475 | http://vocab.getty.edu/aat/300048722 | http://vocab.getty.edu/aat/300417268 | http://vocab.getty.edu/aat/300404670 | http://vocab.getty.edu/aat/300418049 | http://vocab.getty.edu/aat/300445022 | http://vocab.getty.edu/aat/300311705 | http://vocab.getty.edu/aat/300311954 | http://vocab.getty.edu/aat/300404620 | http://vocab.getty.edu/aat/300417200 | http://vocab.getty.edu/aat/300312355 | http://vocab.getty.edu/aat/300435443 | http://vocab.getty.edu/aat/300379098 | http://vocab.getty.edu/aat/300435430 | http://vocab.getty.edu/aat/300435414 | http://vocab.getty.edu/aat/300417819 | http://vocab.getty.edu/aat/300027267 | http://vocab.getty.edu/aat/300444174 | http://vocab.getty.edu/aat/300435429 | http://vocab.getty.edu/aat/300435452,,,"Een Nederlands eskader onder bevel van Cornelis Simonsz van der Veer voert een verrassingsaanval uit op drie Portugese galjoenen in de Baai van Goa, 30 september 1639",HumanMadeObject
,,https://id.rijksmuseum.nl/20026493,http://vocab.getty.edu/aat/300388277 | http://vocab.getty.edu/aat/300388256 | http://vocab.getty.edu/aat/300435416 | http://vocab.getty.edu/aat/300404269 | http://vocab.getty.edu/aat/300456575 | http://vocab.getty.edu/aat/300404450 | http://vocab.getty.edu/aat/300435417 | http://vocab.getty.edu/aat/300379475 | http://vocab.getty.edu/aat/300445022 | http://vocab.getty.edu/aat/300311705 | http://vocab.getty.edu/aat/300311954 | http://vocab.getty.edu/aat/300404620 | http://vocab.getty.edu/aat/300404670 | http://vocab.getty.edu/aat/300418049 | http://vocab.getty.edu/aat/300417200 | http://vocab.getty.edu/aat/300312355 | http://vocab.getty.edu/aat/300435443 | http://vocab.getty.edu/aat/300379098 | http://vocab.getty.edu/aat/300435430 | http://vocab.getty.edu/aat/300435452 | http://vocab.getty.edu/aat/300435429 | http://vocab.getty.edu/aat/300026687,,,SK-A-2416,HumanMadeObject
,,https://id.rijksmuseum.nl/20026496,http://vocab.getty.edu/aat/300388256 | http://vocab.getty.edu/aat/300388277 | http://vocab.getty.edu/aat/300435416 | http://vocab.getty.edu/aat/300028705 | http://vocab.getty.edu/aat/300456575 | http://vocab.getty.edu/aat/300404450 | http://vocab.getty.edu/aat/300435417 | http://vocab.getty.edu/aat/300379475 | http://vocab.getty.edu/aat/300445022 | http://vocab.getty.edu/aat/300311705 | http://vocab.getty.edu/aat/300311954 | http://vocab.getty.edu/aat/300404620 | http://vocab.getty.edu/aat/300404670 | http://vocab.getty.edu/aat/300418049 | http://vocab.getty.edu/aat/300417200 | http://vocab.getty.edu/aat/300312355 | http://vocab.getty.edu/aat/300435443 | http://vocab.getty.edu/aat/300379098 | http://vocab.getty.edu/aat/300435430 | http://vocab.getty.edu/aat/300435452 | http://vocab.getty.edu/aat/300435414 | http://vocab.getty.edu/aat/300435429 | http://vocab.getty.edu/aat/300444174 | http://vocab.getty.edu/aat/300417819 | http://vocab.getty.edu/aat/300027267,,,Ships off IJselmonde,HumanMadeObject
,,https://id.rijksmuseum.nl/20026499,http://vocab.getty.edu/aat/300388277 | http://vocab.getty.edu/aat/300388256 | http://vocab.getty.edu/aat/300435416 | http://vocab.getty.edu/aat/300456575 | http://vocab.getty.edu/aat/300404450 | http://vocab.getty.edu/aat/300435417 | http://vocab.getty.edu/aat/300379475 | http://vocab.getty.edu/aat/300445022 | http://vocab.getty.edu/aat/300311705 | http://vocab.getty.edu/aat/300311954 | http://vocab.getty.edu/aat/300404670 | http://vocab.getty.edu/aat/300418049 | http://vocab.getty.edu/aat/300417200 | http://vocab.getty.edu/aat/300312355 | http://vocab.getty.edu/aat/300435443 | http://vocab.getty.edu/aat/300379098 | http://vocab.getty.edu/aat/300435430 | http://vocab.getty.edu/aat/300026687 | http://vocab.getty.edu/aat/300444174 | http://vocab.getty.edu/aat/300435414 | http://vocab.getty.edu/aat/300435429 | http://vocab.getty.edu/aat/300435452,https://id.rijksmuseum.nl/2103085,,Pigs in a Sty,HumanMadeObject
,,https://id.rijksmuseum.nl/20026498,http://vocab.getty.edu/aat/300388256 | http://vocab.getty.edu/aat/300388277 | http://vocab.getty.edu/aat/300435416 | http://vocab.getty.edu/aat/300456575 | http://vocab.getty.edu/aat/300404450 | http://vocab.getty.edu/aat/300435417 | http://vocab.getty.edu/aat/300379475 | http://vocab.getty.edu/aat/300445022 | http://vocab.getty.edu/aat/300311705 | http://vocab.getty.edu/aat/300311954 | http://vocab.getty.edu/aat/300404670 | http://vocab.getty.edu/aat/300418049 | http://vocab.getty.edu/aat/300417200 | http://vocab.getty.edu/aat/300312355 | http://vocab.getty.edu/aat/300435443 | http://vocab.getty.edu/aat/300379098 | http://vocab.getty.edu/aat/300435430 | http://vocab.getty.edu/aat/300435414 | http://vocab.getty.edu/aat/300026687 | http://vocab.getty.edu/aat/300435452 | http://vocab.getty.edu/aat/300435429,https://id.rijksmuseum.nl/2103085,,SK-A-2691,HumanMadeObject
,,https://id.rijksmuseum.nl/200108131,http://vocab.getty.edu/aat/300388277 | http://vocab.getty.edu/aat/300388256 | http://vocab.getty.edu/aat/300435416 | http://vocab.getty.edu/aat/300028702 | http://vocab.getty.edu/aat/300456575 | http://vocab.getty.edu/aat/300404450 | http://vocab.getty.edu/aat/300435417 | http://vocab.getty.edu/aat/300379475 | http://vocab.getty.edu/aat/300445022 | http://vocab.getty.edu/aat/300311705 | http://vocab.getty.edu/aat/300311954 | http://vocab.getty.edu/aat/300404670 | http://vocab.getty.edu/aat/300418049 | http://vocab.getty.edu/aat/300417200 | http://vocab.getty.edu/aat/300312355 | http://vocab.getty.edu/aat/300435443 | http://vocab.getty.edu/aat/300379098 | http://vocab.getty.edu/aat/300026687 | http://vocab.getty.edu/aat/300435414 | http://vocab.getty.edu/aat/300435452 | http://vocab.getty.edu/aat/300435430 | http://vocab.getty.edu/aat/300417819 | http://vocab.getty.edu/aat/300027267 | http://vocab.getty.edu/aat/300444174 | http://vocab.getty.edu/aat/300435429,,,Ships near Zierikzee with the Zuidhavenpoort in the Background,HumanMadeObject
,,https://id.rijksmuseum.nl/20026497,http://vocab.getty.edu/aat/300456575 | http://vocab.getty.edu/aat/300379012 | http://vocab.getty.edu/aat/300435416 | http://vocab.getty.edu/aat/300388256 | http://vocab.getty.edu/aat/300388277 | http://vocab.getty.edu/aat/300404908 | http://vocab.getty.edu/aat/300404450 | http://vocab.getty.edu/aat/300435417 | http://vocab.getty.edu/aat/300379475 | http://vocab.getty.edu/aat/300048722 | http://vocab.getty.edu/aat/300404670 | http://vocab.getty.edu/aat/300418049 | http://vocab.getty.edu/aat/300417268 | http://vocab.getty.edu/aat/300445022 | http://vocab.getty.edu/aat/300311705 | http://vocab.getty.edu/aat/300311954 | http://vocab.getty.edu/aat/300417200 | http://vocab.getty.edu/aat/300312355 | http://vocab.getty.edu/aat/300435443 | http://vocab.getty.edu/aat/300379098 | http://vocab.getty.edu/aat/300435430 | http://vocab.getty.edu/aat/300417819 | http://vocab.getty.edu/aat/300027267 | http://vocab.getty.edu/aat/300026687 | http://vocab.getty.edu/aat/300435414 | http://vocab.getty.edu/aat/300435429 | http://vocab.getty.edu/aat/300435452 | http://vocab.getty.edu/aat/300444174,https://id.rijksmuseum.nl/210120617,,The Virgin Crowned by the Infant Christ,HumanMadeObject
,,https://id.rijksmuseum.nl/200108135,http://vocab.getty.edu/aat/300388277 | http://vocab.getty.edu/aat/300388256 | http://vocab.getty.edu/aat/300435416 | http://vocab.getty.edu/aat/300456575 | http://vocab.getty.edu/aat/300404450 | http://vocab.getty.edu/aat/300435417 | http://vocab.getty.edu/aat/300379475 | http://vocab.getty.edu/aat/300445022 | http://vocab.getty.edu/aat/300311705 | http://vocab.getty.edu/aat/300311954 | http://vocab.getty.edu/aat/300312355 | http://vocab.getty.edu/aat/300404670 | http://vocab.getty.edu/aat/300418049 | http://vocab.getty.edu/aat/300417200 | http://vocab.getty.edu/aat/300435443 | http://vocab.getty.edu/aat/300379098 | http://vocab.getty.edu/aat/300435429 | http://vocab.getty.edu/aat/300435430 | http://vocab.getty.edu/aat/300435452 | http://vocab.getty.edu/aat/300435414,https://id.rijksmuseum.nl/2101542,,The Anio Valley with the Waterfalls of Tivoli,HumanMadeObject
,,https://id.rijksmuseum.nl/20026500,http://vocab.getty.edu/aat/300388256 | http://vocab.getty.edu/aat/300388277 | http://vocab.getty.edu/aat/300435416 | http://vocab.getty.edu/aat/300456575 | http://vocab.getty.edu/aat/300404450 | http://vocab.getty.edu/aat/300435417 | http://vocab.getty.edu/aat/300379475 | http://vocab.getty.edu/aat/300404620 | http://vocab.getty.edu/aat/300311705 | http://vocab.getty.edu/aat/300311954 | http://vocab.getty.edu/aat/300445022 | http://vocab.getty.edu/aat/300312355 | http://vocab.getty.edu/aat/300417200 | http://vocab.getty.edu/aat/300404670 | http://vocab.getty.edu/aat/300418049 | http://vocab.getty.edu/aat/300435443 | http://vocab.getty.edu/aat/300379098 | http://vocab.getty.edu/aat/300435430 | http://vocab.getty.edu/aat/300435429 | http://vocab.getty.edu/aat/300435414 | http://vocab.getty.edu/aat/300435452,https://id.rijksmuseum.nl/2103085,,A January Evening in the Woods of The Hague,HumanMadeObject
,,https://id.rijksmuseum.nl/20026504,http://vocab.getty.edu/aat/300388256 | http://vocab.getty.edu/aat/300388277 | http://vocab.getty.edu/aat/300435416 | http://vocab.getty.edu/aat/300028702 | http://vocab.getty.edu/aat/300456575 | http://vocab.getty.edu/aat/300404450 | http://vocab.getty.edu/aat/300435417 | http://vocab.getty.edu/aat/300379475 | http://vocab.getty.edu/aat/300445022 | http://vocab.getty.edu/aat/300311705 | http://vocab.getty.edu/aat/300311954 | http://vocab.getty.edu/aat/300312355 | http://vocab.getty.edu/aat/300404670 | http://vocab.getty.edu/aat/300418049 | http://vocab.getty.edu/aat/300417200 | http://vocab.getty.edu/aat/300435443 | http://vocab.getty.edu/aat/300435430 | http://vocab.getty.edu/aat/300379098 | http://vocab.getty.edu/aat/300026687 | http://vocab.getty.edu/aat/300435414 | http://vocab.getty.edu/aat/300435452 | http://vocab.getty.edu/aat/300435429,,,A Watermill in a Woody Landscape,HumanMadeObject
,,https://id.rijksmuseum.nl/20015876,http://vocab.getty.edu/aat/300456575 | http://vocab.getty.edu/aat/300379012 | http://vocab.getty.edu/aat/300435416 | http://vocab.getty.edu/aat/300388277 | http://vocab.getty.edu/aat/300388256 | http://vocab.getty.edu/aat/300404908 | http://vocab.getty.edu/aat/300404450 | http://vocab.getty.edu/aat/300435417 | http://vocab.getty.edu/aat/300417207 | http://vocab.getty.edu/aat/300404670 | http://vocab.getty.edu/aat/300418049 | http://vocab.getty.edu/aat/300312075 | http://vocab.getty.edu/aat/300048722 | http://vocab.getty.edu/aat/300417268 | http://vocab.getty.edu/aat/300379475 | http://vocab.getty.edu/aat/300311705 | http://vocab.getty.edu/aat/300311954 | http://vocab.getty.edu/aat/300445022 | http://vocab.getty.edu/aat/300404620 | http://vocab.getty.edu/aat/300417200 | http://vocab.getty.edu/aat/300312355 | http://vocab.getty.edu/aat/300435443 | http://vocab.getty.edu/aat/300435430 | http://vocab.getty.edu/aat/300379098 | http://vocab.getty.edu/aat/300435429 | http://vocab.getty.edu/aat/300435452 | http://vocab.getty.edu/aat/300417819 | http://vocab.getty.edu/aat/300027267 | http://vocab.getty.edu/aat/300444174,https://id.rijksmuseum.nl/2101398,,SK-A-1619,HumanMadeObject
,,https://id.rijksmuseum.nl/20026502,http://vocab.getty.edu/aat/300388277 | http://vocab.getty.edu/aat/300388256 | http://vocab.getty.edu/aat/300435416 | http://vocab.getty.edu/aat/300456575 | http://vocab.getty.edu/aat/300404450 | http://vocab.getty.edu/aat/300435417 | http://vocab.getty.edu/aat/300379475 | http://vocab.getty.edu/aat/300404670 | http://vocab.getty.edu/aat/300418049 | http://vocab.getty.edu/aat/300417200 | http://vocab.getty.edu/aat/300312355 | http://vocab.getty.edu/aat/300435443 | http://vocab.getty.edu/aat/300379098 | http://vocab.getty.edu/aat/300435430 | http://vocab.getty.edu/aat/300026687 | http://vocab.getty.edu/aat/300444174 | http://vocab.getty.edu/aat/300435429 | http://vocab.getty.edu/aat/300435452,https://id.rijksmuseum.nl/210640,,SK-A-3469,HumanMadeObject
,,https://id.rijksmuseum.nl/200108137,http://vocab.getty.edu/aat/300388277 | http://vocab.getty.edu/aat/300388256 | http://vocab.getty.edu/aat/300435416 | http://vocab.getty.edu/aat/300028705 | http://vocab.getty.edu/aat/300456575 | http://vocab.getty.edu/aat/300404450 | http://vocab.getty.edu/aat/300435417 | http://vocab.getty.edu/aat/300379475 | http://vocab.getty.edu/aat/300311705 | http://vocab.getty.edu/aat/300311954 | http://vocab.getty.edu/aat/300404620 | http://vocab.getty.edu/aat/300445022 | http://vocab.getty.edu/aat/300417200 | http://vocab.getty.edu/aat/300404670 | http://vocab.getty.edu/aat/300418049 | http://vocab.getty.edu/aat/300312355 | http://vocab.getty.edu/aat/300435443 | http://vocab.getty.edu/aat/300379098 | http://vocab.getty.edu/aat/300435430 | http://vocab.getty.edu/aat/300444174 | http://vocab.getty.edu/aat/300435414 | http://vocab.getty.edu/aat/300435452 | http://vocab.getty.edu/aat/300435429 | http://vocab.getty.edu/aat/300417819 | http://vocab.getty.edu/aat/300027267,,,"Fisherman on the bank of the Amstel near the Pauwentuin, Amsterdam",HumanMadeObject
,,https://id.rijksmuseum.nl/200108138,http://vocab.getty.edu/aat/300388256 | http://vocab.getty.edu/aat/300388277 | http://vocab.getty.edu/aat/300435416 | http://vocab.getty.edu/aat/300028705 | http://vocab.getty.edu/aat/300456575 | http://vocab.getty.edu/aat/300404450 | http://vocab.getty.edu/aat/300435417 | http://vocab.getty.edu/aat/300379475 | http://vocab.getty.edu/aat/300445022 | http://vocab.getty.edu/aat/300404620 | http://vocab.getty.edu/aat/300311705 | http://vocab.getty.edu/aat/300311954 | http://vocab.getty.edu/aat/300404670 | http://vocab.getty.edu/aat/300418049 | http://vocab.getty.edu/aat/300417200 | http://vocab.getty.edu/aat/300312355 | http://vocab.getty.edu/aat/300435443 | http://vocab.getty.edu/aat/300379098 | http://vocab.getty.edu/aat/300435429 | http://vocab.getty.edu/aat/300417819 | http://vocab.getty.edu/aat/300027267 | http://vocab.getty.edu/aat/300435452 | http://vocab.getty.edu/aat/300435430 | http://vocab.getty.edu/aat/300444174 | http://vocab.getty.edu/aat/300435414,,,Vissers en jagers,HumanMadeObject
,,https://id.rijksmuseum.nl/20026505,http://vocab.getty.edu/aat/300388277 | http://vocab.getty.edu/aat/300388256 | http://vocab.getty.edu/aat/300435416 | http://vocab.getty.edu/aat/300456575 | http://vocab.getty.edu/aat/300404450 | http://vocab.getty.edu/aat/300435417 | http://vocab.getty.edu/aat/300379475 | http://vocab.getty.edu/aat/300048722 | http://vocab.getty.edu/aat/300404670 | http://vocab.getty.edu/aat/300418049 | http://vocab.getty.edu/aat/300417268 | http://vocab.getty.edu/aat/300404620 | http://vocab.getty.edu/aat/300445022 | http://vocab.getty.edu/aat/300311705 | http://vocab.getty.edu/aat/300311954 | http://vocab.getty.edu/aat/300312355 | http://vocab.getty.edu/aat/300417200 | http://vocab.getty.edu/aat/300435443 | http://vocab.getty.edu/aat/300379098 | http://vocab.getty.edu/aat/300379226 | http://vocab.getty.edu/aat/300435430 | http://vocab.getty.edu/aat/300444174 | http://vocab.getty.edu/aat/300417819 | http://vocab.getty.edu/aat/300027267 | http://vocab.getty.edu/aat/300435429 | http://vocab.getty.edu/aat/300435452,https://id.rijksmuseum.nl/21043068,,Fishermen and farmers,HumanMadeObject
,,https://id.rijksmuseum.nl/200108140,http://vocab.getty.edu/aat/300388256 | http://vocab.getty.edu/aat/300388277 | http://vocab.getty.edu/aat/300435416 | http://vocab.getty.edu/aat/300028702 | http://vocab.getty.edu/aat/300456575 | http://vocab.getty.edu/aat/300404450 | http://vocab.getty.edu/aat/300435417 | http://vocab.getty.edu/aat/300379475 | http://vocab.getty.edu/aat/300445022 | http://vocab.getty.edu/aat/300311705 | http://vocab.getty.edu/aat/300311954 | http://vocab.getty.edu/aat/300312355 | http://vocab.getty.edu/aat/300417200 | http://vocab.getty.edu/aat/300404670 | http://vocab.getty.edu/aat/300418049 | http://vocab.getty.edu/aat/300435443 | http://vocab.getty.edu/aat/300379098 | http://vocab.getty.edu/aat/300435414 | http://vocab.getty.edu/aat/300026687 | http://vocab.getty.edu/aat/300435452 | http://vocab.getty.edu/aat/300435429 | http://vocab.getty.edu/aat/300435430,,,Zeegezicht,HumanMadeObject
,,https://id.rijksmuseum.nl/20026507,http://vocab.getty.edu/aat/300388277 | http://vocab.getty.edu/aat/300388256 | http://vocab.getty.edu/aat/300435416 | http://vocab.getty.edu/aat/300028705 | http://vocab.getty.edu/aat/300456575 | http://vocab.getty.edu/aat/300404450 | http://vocab.getty.edu/aat/300435417 | http://vocab.getty.edu/aat/300379475 | http://vocab.getty.edu/aat/300404620 | http://vocab.getty.edu/aat/300445022 | http://vocab.getty.edu/aat/300311705 | http://vocab.getty.edu/aat/300311954 | http://vocab.getty.edu/aat/300417200 | http://vocab.getty.edu/aat/300404670 | http://vocab.getty.edu/aat/300418049 | http://vocab.getty.edu/aat/300312355 | http://vocab.getty.edu/aat/300435443 | http://vocab.getty.edu/aat/300379098 | http://vocab.getty.edu/aat/300435430 | http://vocab.getty.edu/aat/300435414 | http://vocab.getty.edu/aat/300435452 | http://vocab.getty.edu/aat/300435429 | http://vocab.getty.edu/aat/300417819 | http://vocab.getty.edu/aat/300027267 | http://vocab.getty.edu/aat/300444174,,,A bird hunter on a riverbank,HumanMadeObject
,,https://id.rijksmuseum.nl/20026509,http://vocab.getty.edu/aat/300388256 | http://vocab.getty.edu/aat/300388277 | http://vocab.getty.edu/aat/300435416 | http://vocab.getty.edu/aat/300456575 | http://vocab.getty.edu/aat/300404450 | http://vocab.getty.edu/aat/300435417 | http://vocab.getty.edu/aat/300379475 | http://vocab.getty.edu/aat/300445022 | http://vocab.getty.edu/aat/300311705 | http://vocab.getty.edu/aat/300311954 | http://vocab.getty.edu/aat/300417200 | http://vocab.getty.edu/aat/300404670 | http://vocab.getty.edu/aat/300418049 | http://vocab.getty.edu/aat/300312355 | http://vocab.getty.edu/aat/300435443 | http://vocab.getty.edu/aat/300379098 | http://vocab.getty.edu/aat/300435430 | http://vocab.getty.edu/aat/300435429 | http://vocab.getty.edu/aat/300026687 | http://vocab.getty.edu/aat/300435414 | http://vocab.getty.edu/aat/300435452 | http://vocab.getty.edu/aat/300444174,https://id.rijksmuseum.nl/2101551,,"The Scottish House, Veere",HumanMadeObject
,,https://id.rijksmuseum.nl/20026503,http://vocab.getty.edu/aat/300404269 | http://vocab.getty.edu/aat/300456575 | http://vocab.getty.edu/aat/300379012 | http://vocab.getty.edu/aat/300435416 | http://vocab.getty.edu/aat/300388256 | http://vocab.getty.edu/aat/300388277 | http://vocab.getty.edu/aat/300404908 | http://vocab.getty.edu/aat/300404450 | http://vocab.getty.edu/aat/300435417 | http://vocab.getty.edu/aat/300379475 | http://vocab.getty.edu/aat/300311705 | http://vocab.getty.edu/aat/300311954 | http://vocab.getty.edu/aat/300445022 | http://vocab.getty.edu/aat/300404620 | http://vocab.getty.edu/aat/300417200 | http://vocab.getty.edu/aat/300404670 | http://vocab.getty.edu/aat/300418049 | http://vocab.getty.edu/aat/300312355 | http://vocab.getty.edu/aat/300435443 | http://vocab.getty.edu/aat/300435430 | http://vocab.getty.edu/aat/300379098 | http://vocab.getty.edu/aat/300444174 | http://vocab.getty.edu/aat/300435452 | http://vocab.getty.edu/aat/300435429,https://id.rijksmuseum.nl/210132703,,SK-A-3967,HumanMadeObject
,,https://id.rijksmuseum.nl/20026508,http://vocab.getty.edu/aat/300388277 | http://vocab.getty.edu/aat/300388256 | http://vocab.getty.edu/aat/300435416 | http://vocab.getty.edu/aat/300456575 | http://vocab.getty.edu/aat/300404450 | http://vocab.getty.edu/aat/300435417 | http://vocab.getty.edu/aat/300379475 | http://vocab.getty.edu/aat/300445022 | http://vocab.getty.edu/aat/300311705 | http://vocab.getty.edu/aat/300311954 | http://vocab.getty.edu/aat/300404670 | http://vocab.getty.edu/aat/300418049 | http://vocab.getty.edu/aat/300417200 | http://vocab.getty.edu/aat/300312355 | http://vocab.getty.edu/aat/300435443 | http://vocab.getty.edu/aat/300379098 | http://vocab.getty.edu/aat/300435430 | http://vocab.getty.edu/aat/300435414 | http://vocab.getty.edu/aat/300444174 | http://vocab.getty.edu/aat/300435429 | http://vocab.getty.edu/aat/300026687 | http://vocab.getty.edu/aat/300435452,https://id.rijksmuseum.nl/2101551,,Jetty on the Island of Vlieland,HumanMadeObject
,,https://id.rijksmuseum.nl/200108141,http://vocab.getty.edu/aat/300388277 | http://vocab.getty.edu/aat/300388256 | http://vocab.getty.edu/aat/300435416 | http://vocab.getty.edu/aat/300028702 | http://vocab.getty.edu/aat/300456575 | http://vocab.getty.edu/aat/300404450 | http://vocab.getty.edu/aat/300435417 | http://vocab.getty.edu/aat/300379475 | http://vocab.getty.edu/aat/300445022 | http://vocab.getty.edu/aat/300311705 | http://vocab.getty.edu/aat/300311954 | http://vocab.getty.edu/aat/300312355 | http://vocab.getty.edu/aat/300404670 | http://vocab.getty.edu/aat/300418049 | http://vocab.getty.edu/aat/300417200 | http://vocab.getty.edu/aat/300435443 | http://vocab.getty.edu/aat/300379098 | http://vocab.getty.edu/aat/300435430 | http://vocab.getty.edu/aat/300435429 | http://vocab.getty.edu/aat/300435414 | http://vocab.getty.edu/aat/300435452,,,Boy and Girl in the Dunes,HumanMadeObject
,,https://id.rijksmuseum.nl/20026511,http://vocab.getty.edu/aat/300388277 | http://vocab.getty.edu/aat/300388256 | http://vocab.getty.edu/aat/300435416 | http://vocab.getty.edu/aat/300028705 | http://vocab.getty.edu/aat/300456575 | http://vocab.getty.edu/aat/300404450 | http://vocab.getty.edu/aat/300435417 | http://vocab.getty.edu/aat/300379475 | http://vocab.getty.edu/aat/300445022 | http://vocab.getty.edu/aat/300311705 | http://vocab.getty.edu/aat/300311954 | http://vocab.getty.edu/aat/300417200 | http://vocab.getty.edu/aat/300404670 | http://vocab.getty.edu/aat/300418049 | http://vocab.getty.edu/aat/300312355 | http://vocab.getty.edu/aat/300435443 | http://vocab.getty.edu/aat/300379098 | http://vocab.getty.edu/aat/300435430 | http://vocab.getty.edu/aat/300435414 | http://vocab.getty.edu/aat/300435452 | http://vocab.getty.edu/aat/300435429 | http://vocab.getty.edu/aat/300417819 | http://vocab.getty.edu/aat/300027267 | http://vocab.getty.edu/aat/300444174,,,River Landscape,HumanMadeObject
,,https://id.rijksmuseum.nl/20026510,http://vocab.getty.edu/aat/300388277 | http://vocab.getty.edu/aat/300388256 | http://vocab.getty.edu/aat/300435416 | http://vocab.getty.edu/aat/300456575 | http://vocab.getty.edu/aat/300404450 | http://vocab.getty.edu/aat/300435417 | http://vocab.getty.edu/aat/300379475 | http://vocab.getty.edu/aat/300445022 | http://vocab.getty.edu/aat/300311705 | http://vocab.getty.edu/aat/300311954 | http://vocab.getty.edu/aat/300312355 | http://vocab.getty.edu/aat/300404670 | http://vocab.getty.edu/aat/300418049 | http://vocab.getty.edu/aat/300417200 | http://vocab.getty.edu/aat/300435443 | http://vocab.getty.edu/aat/300435430 | http://vocab.getty.edu/aat/300379098 | http://vocab.getty.edu/aat/300435429 | http://vocab.getty.edu/aat/300026687 | http://vocab.getty.edu/aat/300435452 | http://vocab.getty.edu/aat/300435414,https://id.rijksmuseum.nl/21026487,,Lulled to Sleep,HumanMadeObject
,,https://id.rijksmuseum.nl/200108139,http://vocab.getty.edu/aat/300388256 | http://vocab.getty.edu/aat/300388277 | http://vocab.getty.edu/aat/300435416 | http://vocab.getty.edu/aat/300456575 | http://vocab.getty.edu/aat/300404450 | http://vocab.getty.edu/aat/300435417 | http://vocab.getty.edu/aat/300379475 | http://vocab.getty.edu/aat/300445022 | http://vocab.getty.edu/aat/300311705 | http://vocab.getty.edu/aat/300311954 | http://vocab.getty.edu/aat/300417200 | http://vocab.getty.edu/aat/300404670 | http://vocab.getty.edu/aat/300418049 | http://vocab.getty.edu/aat/300312355 | http://vocab.getty.edu/aat/300435443 | http://vocab.getty.edu/aat/300379098 | http://vocab.getty.edu/aat/300435430 | http://vocab.getty.edu/aat/300435414 | http://vocab.getty.edu/aat/300435429 | http://vocab.getty.edu/aat/300435452,https://id.rijksmuseum.nl/21026487,,SK-A-1187,HumanMadeObject
,,https://id.rijksmuseum.nl/20026512,http://vocab.getty.edu/aat/300388256 | http://vocab.getty.edu/aat/300388277 | http://vocab.getty.edu/aat/300435416 | http://vocab.getty.edu/aat/300456575 | http://vocab.getty.edu/aat/300404450 | http://vocab.getty.edu/aat/300435417 | http://vocab.getty.edu/aat/300379475 | http://vocab.getty.edu/aat/300445022 | http://vocab.getty.edu/aat/300311705 | http://vocab.getty.edu/aat/300311954 | http://vocab.getty.edu/aat/300417200 | http://vocab.getty.edu/aat/300404670 | http://vocab.getty.edu/aat/300418049 | http://vocab.getty.edu/aat/300312355 | http://vocab.getty.edu/aat/300435443 | http://vocab.getty.edu/aat/300379098 | http://vocab.getty.edu/aat/300435430 | http://vocab.getty.edu/aat/300444174 | http://vocab.getty.edu/aat/300435429 | http://vocab.getty.edu/aat/300417819 | http://vocab.getty.edu/aat/300027267 | http://vocab.getty.edu/aat/300435452,https://id.rijksmuseum.nl/2101553,,SK-A-2106,HumanMadeObject
,,https://id.rijksmuseum.nl/200108143,http://vocab.getty.edu/aat/300388277 | http://vocab.getty.edu/aat/300388256 | http://vocab.getty.edu/aat/300435416 | http://vocab.getty.edu/aat/300456575 | http://vocab.getty.edu/aat/300404450 | http://vocab.getty.edu/aat/300435417 | http://vocab.getty.edu/aat/300379475 | http://vocab.getty.edu/aat/300445022 | http://vocab.getty.edu/aat/300311705 | http://vocab.getty.edu/aat/300311954 | http://vocab.getty.edu/aat/300417200 | http://vocab.getty.edu/aat/300404670 | http://vocab.getty.edu/aat/300418049 | http://vocab.getty.edu/aat/300312355 | http://vocab.getty.edu/aat/300435443 | http://vocab.getty.edu/aat/300379098 | http://vocab.getty.edu/aat/300026687 | http://vocab.getty.edu/aat/300435414 | http://vocab.getty.edu/aat/300435430 | http://vocab.getty.edu/aat/300435452 | http://vocab.getty.edu/aat/300435429,https://id.rijksmuseum.nl/2101554,,SK-A-985,HumanMadeObject
,,https://id.rijksmuseum.nl/20026513,http://vocab.getty.edu/aat/300388256 | http://vocab.getty.edu/aat/300388277 | http://vocab.getty.edu/aat/300435416 | http://vocab.getty.edu/aat/300028705 | http://vocab.getty.edu/aat/300456575 | http://vocab.getty.edu/aat/300404450 | http://vocab.getty.edu/aat/300435417 | http://vocab.getty.edu/aat/300379475 | http://vocab.getty.edu/aat/300445022 | http://vocab.getty.edu/aat/300311705 | http://vocab.getty.edu/aat/300311954 | http://vocab.getty.edu/aat/300404620 | http://vocab.getty.edu/aat/300417200 | http://vocab.getty.edu/aat/300404670 | http://vocab.getty.edu/aat/300418049 | http://vocab.getty.edu/aat/300312355 | http://vocab.getty.edu/aat/300435443 | http://vocab.getty.edu/aat/300379098 | http://vocab.getty.edu/aat/300435430 | http://vocab.getty.edu/aat/300435414 | http://vocab.getty.edu/aat/300435429 | http://vocab.getty.edu/aat/300026687 | http://vocab.getty.edu/aat/300435452 | http://vocab.getty.edu/aat/300417819 | http://vocab.getty.edu/aat/300027267 | http://vocab.getty.edu/aat/300444174,,,Wooded Landscape,HumanMadeObject
,,https://id.rijksmuseum.nl/200108142,http://vocab.getty.edu/aat/300456575 | http://vocab.getty.edu/aat/300388256 | http://vocab.getty.edu/aat/300388277 | http://vocab.getty.edu/aat/300435416 | http://vocab.getty.edu/aat/300028702 | http://vocab.getty.edu/aat/300404450 | http://vocab.getty.edu/aat/300435417 | http://vocab.getty.edu/aat/300379475 | http://vocab.getty.edu/aat/300311954 | http://vocab.getty.edu/aat/300445022 | http://vocab.getty.edu/aat/300311705 | http://vocab.getty.edu/aat/300404620 | http://vocab.getty.edu/aat/300404670 | http://vocab.getty.edu/aat/300418049 | http://vocab.getty.edu/aat/300417200 | http://vocab.getty.edu/aat/300312355 | http://vocab.getty.edu/aat/300435443 | http://vocab.getty.edu/aat/300379098 | http://vocab.getty.edu/aat/300435429 | http://vocab.getty.edu/aat/300026687 | http://vocab.getty.edu/aat/300435452 | http://vocab.getty.edu/aat/300435430 | http://vocab.getty.edu/aat/300435414,,,SK-A-2292,HumanMadeObject
,,https://id.rijksmuseum.nl/200108144,http://vocab.getty.edu/aat/300388256 | http://vocab.getty.edu/aat/300388277 | http://vocab.getty.edu/aat/300435416 | http://vocab.getty.edu/aat/300456575 | http://vocab.getty.edu/aat/300404450 | http://vocab.getty.edu/aat/300435417 | http://vocab.getty.edu/aat/300379475 | http://vocab.getty.edu/aat/300445022 | http://vocab.getty.edu/aat/300311705 | http://vocab.getty.edu/aat/300311954 | http://vocab.getty.edu/aat/300404670 | http://vocab.getty.edu/aat/300418049 | http://vocab.getty.edu/aat/300417200 | http://vocab.getty.edu/aat/300312355 | http://vocab.getty.edu/aat/300435443 | http://vocab.getty.edu/aat/300379098 | http://vocab.getty.edu/aat/300435414 | http://vocab.getty.edu/aat/300026687 | http://vocab.getty.edu/aat/300435430 | http://vocab.getty.edu/aat/300435429 | http://vocab.getty.edu/aat/300435452,https://id.rijksmuseum.nl/2101556,,Cavalry attack at sunset,HumanMadeObject
,,https://id.rijksmuseum.nl/20026514,http://vocab.getty.edu/aat/300388256 | http://vocab.getty.edu/aat/300388277 | http://vocab.getty.edu/aat/300435416 | http://vocab.getty.edu/aat/300456575 | http://vocab.getty.edu/aat/300404450 | http://vocab.getty.edu/aat/300435417 | http://vocab.getty.edu/aat/300379475 | http://vocab.getty.edu/aat/300445022 | http://vocab.getty.edu/aat/300311705 | http://vocab.getty.edu/aat/300311954 | http://vocab.getty.edu/aat/300417200 | http://vocab.getty.edu/aat/300404670 | http://vocab.getty.edu/aat/300418049 | http://vocab.getty.edu/aat/300312355 | http://vocab.getty.edu/aat/300435443 | http://vocab.getty.edu/aat/300379098 | http://vocab.getty.edu/aat/300435430 | http://vocab.getty.edu/aat/300435429 | http://vocab.getty.edu/aat/300435452 | http://vocab.getty.edu/aat/300435414,https://id.rijksmuseum.nl/21011315,,SK-A-999,HumanMadeObject
,,https://id.rijksmuseum.nl/200108145,http://vocab.getty.edu/aat/300388277 | http://vocab.getty.edu/aat/300388256 | http://vocab.getty.edu/aat/300435416 | http://vocab.getty.edu/aat/300456575 | http://vocab.getty.edu/aat/300404450 | http://vocab.getty.edu/aat/300435417 | http://vocab.getty.edu/aat/300404670 | http://vocab.getty.edu/aat/300418049 | http://vocab.getty.edu/aat/300417207 | http://vocab.getty.edu/aat/300312075 | http://vocab.getty.edu/aat/300048722 | http://vocab.getty.edu/aat/300417268 | http://vocab.getty.edu/aat/300379475 | http://vocab.getty.edu/aat/300311954 | http://vocab.getty.edu/aat/300445022 | http://vocab.getty.edu/aat/300311705 | http://vocab.getty.edu/aat/300404620 | http://vocab.getty.edu/aat/300417200 | http://vocab.getty.edu/aat/300312355 | http://vocab.getty.edu/aat/300435443 | http://vocab.getty.edu/aat/300379098 | http://vocab.getty.edu/aat/300435452 | http://vocab.getty.edu/aat/300435430 | http://vocab.getty.edu/aat/300435429 | http://vocab.getty.edu/aat/300026687 | http://vocab.getty.edu/aat/300435414,https://id.rijksmuseum.nl/2101556,,Muleteers beside an Italian Ruin,HumanMadeObject
,,https://id.rijksmuseum.nl/20026519,http://vocab.getty.edu/aat/300388256 | http://vocab.getty.edu/aat/300388277 | http://vocab.getty.edu/aat/300435416 | http://vocab.getty.edu/aat/300456575 | http://vocab.getty.edu/aat/300404450 | http://vocab.getty.edu/aat/300435417 | http://vocab.getty.edu/aat/300379475 | http://vocab.getty.edu/aat/300311954 | http://vocab.getty.edu/aat/300445022 | http://vocab.getty.edu/aat/300311705 | http://vocab.getty.edu/aat/300404620 | http://vocab.getty.edu/aat/300404670 | http://vocab.getty.edu/aat/300418049 | http://vocab.getty.edu/aat/300417200 | http://vocab.getty.edu/aat/300312355 | http://vocab.getty.edu/aat/300435443 | http://vocab.getty.edu/aat/300435430 | http://vocab.getty.edu/aat/300379098 | http://vocab.getty.edu/aat/300435429 | http://vocab.getty.edu/aat/300435414 | http://vocab.getty.edu/aat/300435452 | http://vocab.getty.edu/aat/300026687,https://id.rijksmuseum.nl/2101563,,SK-C-586,HumanMadeObject
,,https://id.rijksmuseum.nl/20026518,http://vocab.getty.edu/aat/300388277 | http://vocab.getty.edu/aat/300388256 | http://vocab.getty.edu/aat/300435416 | http://vocab.getty.edu/aat/300456575 | http://vocab.getty.edu/aat/300404450 | http://vocab.getty.edu/aat/300435417 | http://vocab.getty.edu/aat/300379475 | http://vocab.getty.edu/aat/300445022 | http://vocab.getty.edu/aat/300311705 | http://vocab.getty.edu/aat/300311954 | http://vocab.getty.edu/aat/300312355 | http://vocab.getty.edu/aat/300417200 | http://vocab.getty.edu/aat/300404670 | http://vocab.getty.edu/aat/300418049 | http://vocab.getty.edu/aat/300435443 | http://vocab.getty.edu/aat/300379098 | http://vocab.getty.edu/aat/300435430 | http://vocab.getty.edu/aat/300435429 | http://vocab.getty.edu/aat/300435414 | http://vocab.getty.edu/aat/300435452,https://id.rijksmuseum.nl/2101562,,Portrait of a Man,HumanMadeObject
,,https://id.rijksmuseum.nl/20026517,http://vocab.getty.edu/aat/300388277 | http://vocab.getty.edu/aat/300388256 | http://vocab.getty.edu/aat/300435416 | http://vocab.getty.edu/aat/300028702 | http://vocab.getty.edu/aat/300456575 | http://vocab.getty.edu/aat/300404450 | http://vocab.getty.edu/aat/300435417 | http://vocab.getty.edu/aat/300379475 | http://vocab.getty.edu/aat/300445022 | http://vocab.getty.edu/aat/300311705 | http://vocab.getty.edu/aat/300311954 | http://vocab.getty.edu/aat/300417200 | http://vocab.getty.edu/aat/300404670 | http://vocab.getty.edu/aat/300418049 | http://vocab.getty.edu/aat/300312355 | http://vocab.getty.edu/aat/300435443 | http://vocab.getty.edu/aat/300379098 | http://vocab.getty.edu/aat/300435430 | http://vocab.getty.edu/aat/300435414 | http://vocab.getty.edu/aat/300026687 | http://vocab.getty.edu/aat/300435429 | http://vocab.getty.edu/aat/300435452 | http://vocab.getty.edu/aat/300444174,,,Shepherd with Sheep,HumanMadeObject
,,https://id.rijksmuseum.nl/200108149,http://vocab.getty.edu/aat/300388277 | http://vocab.getty.edu/aat/300388256 | http://vocab.getty.edu/aat/300435416 | http://vocab.getty.edu/aat/300456575 | http://vocab.getty.edu/aat/300404450 | http://vocab.getty.edu/aat/300435417 | http://vocab.getty.edu/aat/300379475 | http://vocab.getty.edu/aat/300311954 | http://vocab.getty.edu/aat/300311705 | http://vocab.getty.edu/aat/300404620 | http://vocab.getty.edu/aat/300445022 | http://vocab.getty.edu/aat/300312355 | http://vocab.getty.edu/aat/300417200 | http://vocab.getty.edu/aat/300404670 | http://vocab.getty.edu/aat/300418049 | http://vocab.getty.edu/aat/300435443 | http://vocab.getty.edu/aat/300379098 | http://vocab.getty.edu/aat/300435430 | http://vocab.getty.edu/aat/300435414 | http://vocab.getty.edu/aat/300435429 | http://vocab.getty.edu/aat/300444174 | http://vocab.getty.edu/aat/300026687 | http://vocab.getty.edu/aat/300435452,https://id.rijksmuseum.nl/2101532,,"Arcadian Landscape, one of a series of ten murals in the garden room of the main floor of the Amsterdam house Herengracht 524",HumanMadeObject
,,https://id.rijksmuseum.nl/200108148,http://vocab.getty.edu/aat/300388277 | http://vocab.getty.edu/aat/300388256 | http://vocab.getty.edu/aat/300435416 | http://vocab.getty.edu/aat/300028705 | http://vocab.getty.edu/aat/300456575 | http://vocab.getty.edu/aat/300404450 | http://vocab.getty.edu/aat/300435417 | http://vocab.getty.edu/aat/300379475 | http://vocab.getty.edu/aat/300048722 | http://vocab.getty.edu/aat/300404670 | http://vocab.getty.edu/aat/300418049 | http://vocab.getty.edu/aat/300417207 | http://vocab.getty.edu/aat/300312075 | http://vocab.getty.edu/aat/300417268 | http://vocab.getty.edu/aat/300404620 | http://vocab.getty.edu/aat/300445022 | http://vocab.getty.edu/aat/300311705 | http://vocab.getty.edu/aat/300311954 | http://vocab.getty.edu/aat/300417200 | http://vocab.getty.edu/aat/300312355 | http://vocab.getty.edu/aat/300435443 | http://vocab.getty.edu/aat/300379098 | http://vocab.getty.edu/aat/300004188 | http://vocab.getty.edu/aat/300260522 | http://vocab.getty.edu/aat/300379391 | http://vocab.getty.edu/aat/300435449 | http://vocab.getty.edu/aat/300435414 | http://vocab.getty.edu/aat/300026687 | http://vocab.getty.edu/aat/300435430 | http://vocab.getty.edu/aat/300435452 | http://vocab.getty.edu/aat/300444174 | http://vocab.getty.edu/aat/300435429 | http://vocab.getty.edu/aat/300417819 | http://vocab.getty.edu/aat/300027267,,,Still Life with Flowers,HumanMadeObject
,,https://id.rijksmuseum.nl/200108152,http://vocab.getty.edu/aat/300388256 | http://vocab.getty.edu/aat/300388277 | http://vocab.getty.edu/aat/300435416 | http://vocab.getty.edu/aat/300456575 | http://vocab.getty.edu/aat/300404450 | http://vocab.getty.edu/aat/300435417 | http://vocab.getty.edu/aat/300379475 | http://vocab.getty.edu/aat/300311954 | http://vocab.getty.edu/aat/300311705 | http://vocab.getty.edu/aat/300445022 | http://vocab.getty.edu/aat/300404620 | http://vocab.getty.edu/aat/300417200 | http://vocab.getty.edu/aat/300404670 | http://vocab.getty.edu/aat/300418049 | http://vocab.getty.edu/aat/300312355 | http://vocab.getty.edu/aat/300435443 | http://vocab.getty.edu/aat/300379098 | http://vocab.getty.edu/aat/300435452 | http://vocab.getty.edu/aat/300435430 | http://vocab.getty.edu/aat/300026687 | http://vocab.getty.edu/aat/300435429 | http://vocab.getty.edu/aat/300444174,https://id.rijksmuseum.nl/2101532,,SK-A-4854-D,HumanMadeObject
,,https://id.rijksmuseum.nl/200108150,http://vocab.getty.edu/aat/300388256 | http://vocab.getty.edu/aat/300388277 | http://vocab.getty.edu/aat/300435416 | http://vocab.getty.edu/aat/300456575 | http://vocab.getty.edu/aat/300404450 | http://vocab.getty.edu/aat/300435417 | http://vocab.getty.edu/aat/300379475 | http://vocab.getty.edu/aat/300445022 | http://vocab.getty.edu/aat/300404620 | http://vocab.getty.edu/aat/300311705 | http://vocab.getty.edu/aat/300311954 | http://vocab.getty.edu/aat/300312355 | http://vocab.getty.edu/aat/300417200 | http://vocab.getty.edu/aat/300404670 | http://vocab.getty.edu/aat/300418049 | http://vocab.getty.edu/aat/300435443 | http://vocab.getty.edu/aat/300379098 | http://vocab.getty.edu/aat/300435429 | http://vocab.getty.edu/aat/300435430 | http://vocab.getty.edu/aat/300435452 | http://vocab.getty.edu/aat/300026687 | http://vocab.getty.edu/aat/300444174,https://id.rijksmuseum.nl/2101532,,Arcadisch landschap met links een tempel en op de voorgrond een zittende oude man,HumanMadeObject
,,https://id.rijksmuseum.nl/200108151,http://vocab.getty.edu/aat/300388256 | http://vocab.getty.edu/aat/300388277 | http://vocab.getty.edu/aat/300435416 | http://vocab.getty.edu/aat/300456575 | http://vocab.getty.edu/aat/300404450 | http://vocab.getty.edu/aat/300435417 | http://vocab.getty.edu/aat/300379475 | http://vocab.getty.edu/aat/300311954 | http://vocab.getty.edu/aat/300404620 | http://vocab.getty.edu/aat/300445022 | http://vocab.getty.edu/aat/300311705 | http://vocab.getty.edu/aat/300404670 | http://vocab.getty.edu/aat/300418049 | http://vocab.getty.edu/aat/300417200 | http://vocab.getty.edu/aat/300312355 | http://vocab.getty.edu/aat/300435443 | http://vocab.getty.edu/aat/300379098 | http://vocab.getty.edu/aat/300444174 | http://vocab.getty.edu/aat/300435452 | http://vocab.getty.edu/aat/300435429 | http://vocab.getty.edu/aat/300026687 | http://vocab.getty.edu/aat/300435430,https://id.rijksmuseum.nl/2101532,,SK-A-4854-C,HumanMadeObject
,,https://id.rijksmuseum.nl/200108153,http://vocab.getty.edu/aat/300388277 | http://vocab.getty.edu/aat/300388256 | http://vocab.getty.edu/aat/300435416 | http://vocab.getty.edu/aat/300456575 | http://vocab.getty.edu/aat/300404450 | http://vocab.getty.edu/aat/300435417 | http://vocab.getty.edu/aat/300379475 | http://vocab.getty.edu/aat/300311705 | http://vocab.getty.edu/aat/300311954 | http://vocab.getty.edu/aat/300445022 | http://vocab.getty.edu/aat/300404620 | http://vocab.getty.edu/aat/300417200 | http://vocab.getty.edu/aat/300404670 | http://vocab.getty.edu/aat/300418049 | http://vocab.getty.edu/aat/300312355 | http://vocab.getty.edu/aat/300435443 | http://vocab.getty.edu/aat/300435430 | http://vocab.getty.edu/aat/300379098 | http://vocab.getty.edu/aat/300444174 | http://vocab.getty.edu/aat/300435452 | http://vocab.getty.edu/aat/300435414 | http://vocab.getty.edu/aat/300435429 | http://vocab.getty.edu/aat/300026687,https://id.rijksmuseum.nl/2101532,,SK-A-4854-E,HumanMadeObject
,,https://id.rijksmuseum.nl/200108154,http://vocab.getty.edu/aat/300388256 | http://vocab.getty.edu/aat/300388277 | http://vocab.getty.edu/aat/300435416 | http://vocab.getty.edu/aat/300456575 | http://vocab.getty.edu/aat/300404450 | http://vocab.getty.edu/aat/300435417 | http://vocab.getty.edu/aat/300379475 | http://vocab.getty.edu/aat/300404620 | http://vocab.getty.edu/aat/300445022 | http://vocab.getty.edu/aat/300311705 | http://vocab.getty.edu/aat/300311954 | http://vocab.getty.edu/aat/300312355 | http://vocab.getty.edu/aat/300417200 | http://vocab.getty.edu/aat/300404670 | http://vocab.getty.edu/aat/300418049 | http://vocab.getty.edu/aat/300435443 | http://vocab.getty.edu/aat/300379098 | http://vocab.getty.edu/aat/300435430 | http://vocab.getty.edu/aat/300435452 | http://vocab.getty.edu/aat/300026687 | http://vocab.getty.edu/aat/300435429 | http://vocab.getty.edu/aat/300444174,https://id.rijksmuseum.nl/2101532,,Arcadisch landschap met figuren bij een rivieroever,HumanMadeObject
,,https://id.rijksmuseum.nl/200108155,http://vocab.getty.edu/aat/300388277 | http://vocab.getty.edu/aat/300388256 | http://vocab.getty.edu/aat/300435416 | http://vocab.getty.edu/aat/300456575 | http://vocab.getty.edu/aat/300404450 | http://vocab.getty.edu/aat/300435417 | http://vocab.getty.edu/aat/300379475 | http://vocab.getty.edu/aat/300404620 | http://vocab.getty.edu/aat/300445022 | http://vocab.getty.edu/aat/300311705 | http://vocab.getty.edu/aat/300311954 | http://vocab.getty.edu/aat/300312355 | http://vocab.getty.edu/aat/300417200 | http://vocab.getty.edu/aat/300404670 | http://vocab.getty.edu/aat/300418049 | http://vocab.getty.edu/aat/300435443 | http://vocab.getty.edu/aat/300379098 | http://vocab.getty.edu/aat/300435430 | http://vocab.getty.edu/aat/300435452 | http://vocab.getty.edu/aat/300026687 | http://vocab.getty.edu/aat/300444174 | http://vocab.getty.edu/aat/300435429,https://id.rijksmuseum.nl/2101532,,Drie kinderen met twee honden,HumanMadeObject
,,https://id.rijksmuseum.nl/200108156,http://vocab.getty.edu/aat/300388256 | http://vocab.getty.edu/aat/300388277 | http://vocab.getty.edu/aat/300435416 | http://vocab.getty.edu/aat/300456575 | http://vocab.getty.edu/aat/300404450 | http://vocab.getty.edu/aat/300435417 | http://vocab.getty.edu/aat/300379475 | http://vocab.getty.edu/aat/300311954 | http://vocab.getty.edu/aat/300311705 | http://vocab.getty.edu/aat/300404620 | http://vocab.getty.edu/aat/300445022 | http://vocab.getty.edu/aat/300404670 | http://vocab.getty.edu/aat/300418049 | http://vocab.getty.edu/aat/300417200 | http://vocab.getty.edu/aat/300312355 | http://vocab.getty.edu/aat/300435443 | http://vocab.getty.edu/aat/300379098 | http://vocab.getty.edu/aat/300435452 | http://vocab.getty.edu/aat/300444174 | http://vocab.getty.edu/aat/300435429 | http://vocab.getty.edu/aat/300435430 | http://vocab.getty.edu/aat/300026687,https://id.rijksmuseum.nl/2101532,,SK-A-4854-H,HumanMadeObject
,,https://id.rijksmuseum.nl/200108158,http://vocab.getty.edu/aat/300388256 | http://vocab.getty.edu/aat/300388277 | http://vocab.getty.edu/aat/300435416 | http://vocab.getty.edu/aat/300456575 | http://vocab.getty.edu/aat/300404450 | http://vocab.getty.edu/aat/300435417 | http://vocab.getty.edu/aat/300379475 | http://vocab.getty.edu/aat/300445022 | http://vocab.getty.edu/aat/300404620 | http://vocab.getty.edu/aat/300311705 | http://vocab.getty.edu/aat/300311954 | http://vocab.getty.edu/aat/300312355 | http://vocab.getty.edu/aat/300404670 | http://vocab.getty.edu/aat/300418049 | http://vocab.getty.edu/aat/300417200 | http://vocab.getty.edu/aat/300435443 | http://vocab.getty.edu/aat/300379098 | http://vocab.getty.edu/aat/300026687 | http://vocab.getty.edu/aat/300435429 | http://vocab.getty.edu/aat/300435430 | http://vocab.getty.edu/aat/300435452 | http://vocab.getty.edu/aat/300444174,https://id.rijksmuseum.nl/2101532,,Arcadisch landschap met musicerende en dansende herders,HumanMadeObject
,,https://id.rijksmuseum.nl/200108157,http://vocab.getty.edu/aat/300388256 | http://vocab.getty.edu/aat/300388277 | http://vocab.getty.edu/aat/300435416 | http://vocab.getty.edu/aat/300456575 | http://vocab.getty.edu/aat/300404450 | http://vocab.getty.edu/aat/300435417 | http://vocab.getty.edu/aat/300379475 | http://vocab.getty.edu/aat/300311954 | http://vocab.getty.edu/aat/300404620 | http://vocab.getty.edu/aat/300445022 | http://vocab.getty.edu/aat/300311705 | http://vocab.getty.edu/aat/300312355 | http://vocab.getty.edu/aat/300404670 | http://vocab.getty.edu/aat/300418049 | http://vocab.getty.edu/aat/300417200 | http://vocab.getty.edu/aat/300435443 | http://vocab.getty.edu/aat/300379098 | http://vocab.getty.edu/aat/300026687 | http://vocab.getty.edu/aat/300435452 | http://vocab.getty.edu/aat/300435429 | http://vocab.getty.edu/aat/300444174 | http://vocab.getty.edu/aat/300435430,https://id.rijksmuseum.nl/2101532,,Arcadisch landschap met reizigers,HumanMadeObject
,,https://id.rijksmuseum.nl/200108159,http://vocab.getty.edu/aat/300456575 | http://vocab.getty.edu/aat/300388277 | http://vocab.getty.edu/aat/300388256 | http://vocab.getty.edu/aat/300435416 | http://vocab.getty.edu/aat/300026026 | http://vocab.getty.edu/aat/300404274 | http://vocab.getty.edu/aat/300404450 | http://vocab.getty.edu/aat/300435417 | http://vocab.getty.edu/aat/300379475 | http://vocab.getty.edu/aat/300311954 | http://vocab.getty.edu/aat/300417200 | http://vocab.getty.edu/aat/300404670 | http://vocab.getty.edu/aat/300418049 | http://vocab.getty.edu/aat/300312355 | http://vocab.getty.edu/aat/300435443 | http://vocab.getty.edu/aat/300379098 | http://vocab.getty.edu/aat/300026687 | http://vocab.getty.edu/aat/300444174 | http://vocab.getty.edu/aat/300435429 | http://vocab.getty.edu/aat/300435452 | http://vocab.getty.edu/aat/300435430,,,SK-A-4855-A,HumanMadeObject
,,https://id.rijksmuseum.nl/200108160,http://vocab.getty.edu/aat/300456575 | http://vocab.getty.edu/aat/300388277 | http://vocab.getty.edu/aat/300388256 | http://vocab.getty.edu/aat/300435416 | http://vocab.getty.edu/aat/300026026 | http://vocab.getty.edu/aat/300404274 | http://vocab.getty.edu/aat/300404450 | http://vocab.getty.edu/aat/300435417 | http://vocab.getty.edu/aat/300379475 | http://vocab.getty.edu/aat/300311954 | http://vocab.getty.edu/aat/300312355 | http://vocab.getty.edu/aat/300417200 | http://vocab.getty.edu/aat/300404670 | http://vocab.getty.edu/aat/300418049 | http://vocab.getty.edu/aat/300435443 | http://vocab.getty.edu/aat/300379098 | http://vocab.getty.edu/aat/300435429 | http://vocab.getty.edu/aat/300026687 | http://vocab.getty.edu/aat/300435452 | http://vocab.getty.edu/aat/300444174 | http://vocab.getty.edu/aat/300435430,,,Schildering in grisaille met een aan een strik opgehangen trofee,HumanMadeObject
,,https://id.rijksmuseum.nl/200108161,http://vocab.getty.edu/aat/300388277 | http://vocab.getty.edu/aat/300388256 | http://vocab.getty.edu/aat/300435416 | http://vocab.getty.edu/aat/300456575 | http://vocab.getty.edu/aat/300404450 | http://vocab.getty.edu/aat/300435417 | http://vocab.getty.edu/aat/300048722 | http://vocab.getty.edu/aat/300404670 | http://vocab.getty.edu/aat/300418049 | http://vocab.getty.edu/aat/300417207 | http://vocab.getty.edu/aat/300312075 | http://vocab.getty.edu/aat/300417268 | http://vocab.getty.edu/aat/300379475 | http://vocab.getty.edu/aat/300445022 | http://vocab.getty.edu/aat/300311705 | http://vocab.getty.edu/aat/300311954 | http://vocab.getty.edu/aat/300417200 | http://vocab.getty.edu/aat/300312355 | http://vocab.getty.edu/aat/300435443 | http://vocab.getty.edu/aat/300379098 | http://vocab.getty.edu/aat/300260522 | http://vocab.getty.edu/aat/300379391 | http://vocab.getty.edu/aat/300004188 | http://vocab.getty.edu/aat/300435449 | http://vocab.getty.edu/aat/300435430 | http://vocab.getty.edu/aat/300435414 | http://vocab.getty.edu/aat/300435429 | http://vocab.getty.edu/aat/300435452,https://id.rijksmuseum.nl/2101565,,Portrait of Willem IV (1711-1751). Prince of Orange-Nassau,HumanMadeObject
,,https://id.rijksmuseum.nl/20026520,http://vocab.getty.edu/aat/300388256 | http://vocab.getty.edu/aat/300388277 | http://vocab.getty.edu/aat/300435416 | http://vocab.getty.edu/aat/300456575 | http://vocab.getty.edu/aat/300404450 | http://vocab.getty.edu/aat/300435417 | http://vocab.getty.edu/aat/300379475 | http://vocab.getty.edu/aat/300311705 | http://vocab.getty.edu/aat/300311954 | http://vocab.getty.edu/aat/300445022 | http://vocab.getty.edu/aat/300417200 | http://vocab.getty.edu/aat/300404670 | http://vocab.getty.edu/aat/300418049 | http://vocab.getty.edu/aat/300312355 | http://vocab.getty.edu/aat/300435443 | http://vocab.getty.edu/aat/300379098 | http://vocab.getty.edu/aat/300435430 | http://vocab.getty.edu/aat/300379226 | http://vocab.getty.edu/aat/300435414 | http://vocab.getty.edu/aat/300435429 | http://vocab.getty.edu/aat/300435452,https://id.rijksmuseum.nl/2101565,,"Willem IV (1711-1751), prins van Oranje-Nassau",HumanMadeObject
,,https://id.rijksmuseum.nl/200108162,http://vocab.getty.edu/aat/300388256 | http://vocab.getty.edu/aat/300388277 | http://vocab.getty.edu/aat/300435416 | http://vocab.getty.edu/aat/300028705 | http://vocab.getty.edu/aat/300456575 | http://vocab.getty.edu/aat/300404450 | http://vocab.getty.edu/aat/300435417 | http://vocab.getty.edu/aat/300379475 | http://vocab.getty.edu/aat/300445022 | http://vocab.getty.edu/aat/300311705 | http://vocab.getty.edu/aat/300311954 | http://vocab.getty.edu/aat/300404620 | http://vocab.getty.edu/aat/300417200 | http://vocab.getty.edu/aat/300404670 | http://vocab.getty.edu/aat/300418049 | http://vocab.getty.edu/aat/300312355 | http://vocab.getty.edu/aat/300435443 | http://vocab.getty.edu/aat/300379098 | http://vocab.getty.edu/aat/300435430 | http://vocab.getty.edu/aat/300417819 | http://vocab.getty.edu/aat/300027267 | http://vocab.getty.edu/aat/300435429 | http://vocab.getty.edu/aat/300435414 | http://vocab.getty.edu/aat/300444174 | http://vocab.getty.edu/aat/300435452,,,IJsvermaak bij een dorp,HumanMadeObject
,,https://id.rijksmuseum.nl/20026521,http://vocab.getty.edu/aat/300388256 | http://vocab.getty.edu/aat/300388277 | http://vocab.getty.edu/aat/300435416 | http://vocab.getty.edu/aat/300456575 | http://vocab.getty.edu/aat/300404450 | http://vocab.getty.edu/aat/300435417 | http://vocab.getty.edu/aat/300379475 | http://vocab.getty.edu/aat/300311705 | http://vocab.getty.edu/aat/300311954 | http://vocab.getty.edu/aat/300445022 | http://vocab.getty.edu/aat/300404670 | http://vocab.getty.edu/aat/300418049 | http://vocab.getty.edu/aat/300417200 | http://vocab.getty.edu/aat/300312355 | http://vocab.getty.edu/aat/300435443 | http://vocab.getty.edu/aat/300435430 | http://vocab.getty.edu/aat/300379098 | http://vocab.getty.edu/aat/300435429 | http://vocab.getty.edu/aat/300435452,https://id.rijksmuseum.nl/2101565,,SK-A-880,HumanMadeObject
,,https://id.rijksmuseum.nl/20026522,http://vocab.getty.edu/aat/300388256 | http://vocab.getty.edu/aat/300388277 | http://vocab.getty.edu/aat/300435416 | http://vocab.getty.edu/aat/300456575 | http://vocab.getty.edu/aat/300404450 | http://vocab.getty.edu/aat/300435417 | http://vocab.getty.edu/aat/300379475 | http://vocab.getty.edu/aat/300311954 | http://vocab.getty.edu/aat/300445022 | http://vocab.getty.edu/aat/300311705 | http://vocab.getty.edu/aat/300404620 | http://vocab.getty.edu/aat/300417200 | http://vocab.getty.edu/aat/300404670 | http://vocab.getty.edu/aat/300418049 | http://vocab.getty.edu/aat/300312355 | http://vocab.getty.edu/aat/300435443 | http://vocab.getty.edu/aat/300435430 | http://vocab.getty.edu/aat/300379098 | http://vocab.getty.edu/aat/300435429 | http://vocab.getty.edu/aat/300444174 | http://vocab.getty.edu/aat/300435452 | http://vocab.getty.edu/aat/300026687,https://id.rijksmuseum.nl/2101567,,SK-A-3286,HumanMadeObject
,,https://id.rijksmuseum.nl/20026523,http://vocab.getty.edu/aat/300388256 | http://vocab.getty.edu/aat/300388277 | http://vocab.getty.edu/aat/300435416 | http://vocab.getty.edu/aat/300404287 | http://vocab.getty.edu/aat/300456575 | http://vocab.getty.edu/aat/300404450 | http://vocab.getty.edu/aat/300435417 | http://vocab.getty.edu/aat/300379475 | http://vocab.getty.edu/aat/300311954 | http://vocab.getty.edu/aat/300445022 | http://vocab.getty.edu/aat/300404620 | http://vocab.getty.edu/aat/300311705 | http://vocab.getty.edu/aat/300312355 | http://vocab.getty.edu/aat/300417200 | http://vocab.getty.edu/aat/300404670 | http://vocab.getty.edu/aat/300418049 | http://vocab.getty.edu/aat/300435443 | http://vocab.getty.edu/aat/300379098 | http://vocab.getty.edu/aat/300435430 | http://vocab.getty.edu/aat/300026687 | http://vocab.getty.edu/aat/300435429 | http://vocab.getty.edu/aat/300435452 | http://vocab.getty.edu/aat/300444174 | http://vocab.getty.edu/aat/300417819 | http://vocab.getty.edu/aat/300027267,,,The Procuress,HumanMadeObject
,,https://id.rijksmuseum.nl/20026525,http://vocab.getty.edu/aat/300388277 | http://vocab.getty.edu/aat/300388256 | http://vocab.getty.edu/aat/300435416 | http://vocab.getty.edu/aat/300456575 | http://vocab.getty.edu/aat/300404450 | http://vocab.getty.edu/aat/300435417 | http://vocab.getty.edu/aat/300379475 | http://vocab.getty.edu/aat/300445022 | http://vocab.getty.edu/aat/300311705 | http://vocab.getty.edu/aat/300311954 | http://vocab.getty.edu/aat/300417200 | http://vocab.getty.edu/aat/300404670 | http://vocab.getty.edu/aat/300418049 | http://vocab.getty.edu/aat/300312355 | http://vocab.getty.edu/aat/300435443 | http://vocab.getty.edu/aat/300435430 | http://vocab.getty.edu/aat/300379098 | http://vocab.getty.edu/aat/300435414 | http://vocab.getty.edu/aat/300435452 | http://vocab.getty.edu/aat/300435429,https://id.rijksmuseum.nl/2101570,,Portret van Daniel Niellius. Remonstrants ouderling en staalmeester te Alkmaar,HumanMadeObject
,,https://id.rijksmuseum.nl/200108169,http://vocab.getty.edu/aat/300388256 | http://vocab.getty.edu/aat/300388277 | http://vocab.getty.edu/aat/300435416 | http://vocab.getty.edu/aat/300404287 | http://vocab.getty.edu/aat/300456575 | http://vocab.getty.edu/aat/300404450 | http://vocab.getty.edu/aat/300435417 | http://vocab.getty.edu/aat/300379475 | http://vocab.getty.edu/aat/300311705 | http://vocab.getty.edu/aat/300311954 | http://vocab.getty.edu/aat/300445022 | http://vocab.getty.edu/aat/300312355 | http://vocab.getty.edu/aat/300404670 | http://vocab.getty.edu/aat/300418049 | http://vocab.getty.edu/aat/300417200 | http://vocab.getty.edu/aat/300435443 | http://vocab.getty.edu/aat/300379098 | http://vocab.getty.edu/aat/300435429 | http://vocab.getty.edu/aat/300026687 | http://vocab.getty.edu/aat/300435452 | http://vocab.getty.edu/aat/300435430,,,Portrait of Johan de Witt (1615-72). Grand Pensionary of Holland,HumanMadeObject
,,https://id.rijksmuseum.nl/200108165,http://vocab.getty.edu/aat/300388256 | http://vocab.getty.edu/aat/300388277 | http://vocab.getty.edu/aat/300435416 | http://vocab.getty.edu/aat/300028705 | http://vocab.getty.edu/aat/300456575 | http://vocab.getty.edu/aat/300404450 | http://vocab.getty.edu/aat/300435417 | http://vocab.getty.edu/aat/300417207 | http://vocab.getty.edu/aat/300404670 | http://vocab.getty.edu/aat/300418049 | http://vocab.getty.edu/aat/300312075 | http://vocab.getty.edu/aat/300048722 | http://vocab.getty.edu/aat/300417268 | http://vocab.getty.edu/aat/300379475 | http://vocab.getty.edu/aat/300445022 | http://vocab.getty.edu/aat/300311705 | http://vocab.getty.edu/aat/300311954 | http://vocab.getty.edu/aat/300404620 | http://vocab.getty.edu/aat/300417200 | http://vocab.getty.edu/aat/300312355 | http://vocab.getty.edu/aat/300435443 | http://vocab.getty.edu/aat/300379098 | http://vocab.getty.edu/aat/300004188 | http://vocab.getty.edu/aat/300379391 | http://vocab.getty.edu/aat/300260522 | http://vocab.getty.edu/aat/300435449 | http://vocab.getty.edu/aat/300435429 | http://vocab.getty.edu/aat/300435414 | http://vocab.getty.edu/aat/300435430 | http://vocab.getty.edu/aat/300026687 | http://vocab.getty.edu/aat/300435452 | http://vocab.getty.edu/aat/300444174 | http://vocab.getty.edu/aat/300417819 | http://vocab.getty.edu/aat/300027267,,,Prometheus Chained by Vulcan,HumanMadeObject
,,https://id.rijksmuseum.nl/20026526,http://vocab.getty.edu/aat/300388277 | http://vocab.getty.edu/aat/300388256 | http://vocab.getty.edu/aat/300435416 | http://vocab.getty.edu/aat/300456575 | http://vocab.getty.edu/aat/300404450 | http://vocab.getty.edu/aat/300435417 | http://vocab.getty.edu/aat/300379475 | http://vocab.getty.edu/aat/300445022 | http://vocab.getty.edu/aat/300311705 | http://vocab.getty.edu/aat/300311954 | http://vocab.getty.edu/aat/300404670 | http://vocab.getty.edu/aat/300418049 | http://vocab.getty.edu/aat/300417200 | http://vocab.getty.edu/aat/300312355 | http://vocab.getty.edu/aat/300435443 | http://vocab.getty.edu/aat/300379098 | http://vocab.getty.edu/aat/300435430 | http://vocab.getty.edu/aat/300026687 | http://vocab.getty.edu/aat/300435414 | http://vocab.getty.edu/aat/300435452 | http://vocab.getty.edu/aat/300435429,https://id.rijksmuseum.nl/2101570,,SK-C-360,HumanMadeObject
,,https://id.rijksmuseum.nl/20015878,http://vocab.getty.edu/aat/300388256 | http://vocab.getty.edu/aat/300388277 | http://vocab.getty.edu/aat/300435416 | http://vocab.getty.edu/aat/300028705 | http://vocab.getty.edu/aat/300456575 | http://vocab.getty.edu/aat/300404450 | http://vocab.getty.edu/aat/300435417 | http://vocab.getty.edu/aat/300379475 | http://vocab.getty.edu/aat/300445022 | http://vocab.getty.edu/aat/300311705 | http://vocab.getty.edu/aat/300311954 | http://vocab.getty.edu/aat/300404620 | http://vocab.getty.edu/aat/300312355 | http://vocab.getty.edu/aat/300417200 | http://vocab.getty.edu/aat/300404670 | http://vocab.getty.edu/aat/300418049 | http://vocab.getty.edu/aat/300435443 | http://vocab.getty.edu/aat/300435430 | http://vocab.getty.edu/aat/300379098 | http://vocab.getty.edu/aat/300435429 | http://vocab.getty.edu/aat/300444174 | http://vocab.getty.edu/aat/300435414 | http://vocab.getty.edu/aat/300417819 | http://vocab.getty.edu/aat/300027267 | http://vocab.getty.edu/aat/300435452 | http://vocab.getty.edu/aat/300026687,,,"Portrait of the Regents of the Nieuwezijds Institute for the Outdoor Relief of the Poor, Amsterdam, c. 1650",HumanMadeObject
,,https://id.rijksmuseum.nl/20026527,http://vocab.getty.edu/aat/300388277 | http://vocab.getty.edu/aat/300388256 | http://vocab.getty.edu/aat/300435416 | http://vocab.getty.edu/aat/300404287 | http://vocab.getty.edu/aat/300456575 | http://vocab.getty.edu/aat/300404450 | http://vocab.getty.edu/aat/300435417 | http://vocab.getty.edu/aat/300048722 | http://vocab.getty.edu/aat/300404670 | http://vocab.getty.edu/aat/300418049 | http://vocab.getty.edu/aat/300417268 | http://vocab.getty.edu/aat/300379475 | http://vocab.getty.edu/aat/300445022 | http://vocab.getty.edu/aat/300311705 | http://vocab.getty.edu/aat/300311954 | http://vocab.getty.edu/aat/300417200 | http://vocab.getty.edu/aat/300312355 | http://vocab.getty.edu/aat/300435443 | http://vocab.getty.edu/aat/300435430 | http://vocab.getty.edu/aat/300379098 | http://vocab.getty.edu/aat/300435452 | http://vocab.getty.edu/aat/300435429,,,Johan de Witt (1625-1672). Raadpensionaris van Holland,HumanMadeObject
,,https://id.rijksmuseum.nl/20015879,http://vocab.getty.edu/aat/300388256 | http://vocab.getty.edu/aat/300388277 | http://vocab.getty.edu/aat/300435416 | http://vocab.getty.edu/aat/300456575 | http://vocab.getty.edu/aat/300404450 | http://vocab.getty.edu/aat/300435417 | http://vocab.getty.edu/aat/300379475 | http://vocab.getty.edu/aat/300445022 | http://vocab.getty.edu/aat/300311705 | http://vocab.getty.edu/aat/300311954 | http://vocab.getty.edu/aat/300404620 | http://vocab.getty.edu/aat/300312355 | http://vocab.getty.edu/aat/300404670 | http://vocab.getty.edu/aat/300418049 | http://vocab.getty.edu/aat/300417200 | http://vocab.getty.edu/aat/300435443 | http://vocab.getty.edu/aat/300435430 | http://vocab.getty.edu/aat/300379098 | http://vocab.getty.edu/aat/300435414 | http://vocab.getty.edu/aat/300435429 | http://vocab.getty.edu/aat/300435452 | http://vocab.getty.edu/aat/300444174 | http://vocab.getty.edu/aat/300026687 | http://vocab.getty.edu/aat/300417819 | http://vocab.getty.edu/aat/300027267,https://id.rijksmuseum.nl/2101572,,SK-C-1174,HumanMadeObject
